Date,spy
2010-02-02,87.85697174072266
2010-02-03,87.4192123413086
2010-02-04,84.72090148925781
2010-02-05,84.89604949951172
2010-02-08,84.28314208984375
2010-02-09,85.34175872802734
2010-02-10,85.17460632324219
2010-02-11,86.06607818603516
2010-02-12,85.99443817138672
2010-02-16,87.34756469726562
2010-02-17,87.76142883300781
2010-02-18,88.27883911132812
2010-02-19,88.4618911743164
2010-02-22,88.47782135009766
2010-02-23,87.40326690673828
2010-02-24,88.20718383789062
2010-02-25,88.0877914428711
2010-02-26,88.1435317993164
2010-03-01,89.0588607788086
2010-03-02,89.30559539794922
2010-03-03,89.38518524169922
2010-03-04,89.65582275390625
2010-03-05,90.93729400634766
2010-03-08,90.95320892333984
2010-03-09,91.10446166992188
2010-03-10,91.51036834716797
2010-03-11,91.89244842529297
2010-03-12,91.900390625
2010-03-15,91.92426300048828
2010-03-16,92.65655517578125
2010-03-17,93.20573425292969
2010-03-18,93.15801239013672
2010-03-19,92.68644714355469
2010-03-22,93.1819839477539
2010-03-23,93.83734893798828
2010-03-24,93.38176727294922
2010-03-25,93.22993469238281
2010-03-26,93.17401885986328
2010-03-29,93.76539611816406
2010-03-30,93.82936096191406
2010-03-31,93.50965118408203
2010-04-01,94.1490478515625
2010-04-05,94.91629791259766
2010-04-06,95.14006805419922
2010-04-07,94.59661865234375
2010-04-08,94.92427062988281
2010-04-09,95.54768371582031
2010-04-12,95.69951629638672
2010-04-13,95.77147674560547
2010-04-14,96.85842895507812
2010-04-15,96.9383544921875
2010-04-16,95.39583587646484
2010-04-19,95.75550079345703
2010-04-20,96.61065673828125
2010-04-21,96.4348373413086
2010-04-22,96.7225570678711
2010-04-23,97.35394287109375
2010-04-26,96.98628997802734
2010-04-27,94.6925277709961
2010-04-28,95.41181182861328
2010-04-29,96.59466552734375
2010-04-30,94.95626068115234
2010-05-03,96.18705749511719
2010-05-04,93.92524719238281
2010-05-05,93.36576843261719
2010-05-06,90.26480865478516
2010-05-07,88.9220962524414
2010-05-10,92.83830261230469
2010-05-11,92.5745620727539
2010-05-12,93.86930084228516
2010-05-13,92.70244598388672
2010-05-14,91.02408599853516
2010-05-17,91.07201385498047
2010-05-18,89.83320617675781
2010-05-19,89.32169342041016
2010-05-20,85.9489517211914
2010-05-21,87.2037582397461
2010-05-24,86.08482360839844
2010-05-25,86.17276763916016
2010-05-26,85.65323638916016
2010-05-27,88.52246856689453
2010-05-28,87.41154479980469
2010-06-01,85.94096374511719
2010-06-02,88.17879486083984
2010-06-03,88.48249816894531
2010-06-04,85.3735122680664
2010-06-07,84.310546875
2010-06-08,85.21368408203125
2010-06-09,84.75811767578125
2010-06-10,87.23570251464844
2010-06-11,87.65930938720703
2010-06-14,87.5234375
2010-06-15,89.5135498046875
2010-06-16,89.4815673828125
2010-06-17,89.62540435791016
2010-06-18,89.72257995605469
2010-06-21,89.46560668945312
2010-06-22,87.98802947998047
2010-06-23,87.71500396728516
2010-06-24,86.26152038574219
2010-06-25,86.62288665771484
2010-06-28,86.34984588623047
2010-06-29,83.68378448486328
2010-06-30,82.8887939453125
2010-07-01,82.5193862915039
2010-07-02,82.06970977783203
2010-07-06,82.60774230957031
2010-07-07,85.20954895019531
2010-07-08,86.0527114868164
2010-07-09,86.6951675415039
2010-07-12,86.75138092041016
2010-07-13,88.0603256225586
2010-07-14,88.05228424072266
2010-07-15,88.07637023925781
2010-07-16,85.65119934082031
2010-07-19,86.15711975097656
2010-07-20,87.11270904541016
2010-07-21,85.98047637939453
2010-07-22,87.8996810913086
2010-07-23,88.66258239746094
2010-07-26,89.58605194091797
2010-07-27,89.57804870605469
2010-07-28,88.9998550415039
2010-07-29,88.56619262695312
2010-07-30,88.5501480102539
2010-08-02,90.54967498779297
2010-08-03,90.11604309082031
2010-08-04,90.71834564208984
2010-08-05,90.62196350097656
2010-08-06,90.25257110595703
2010-08-09,90.73439025878906
2010-08-10,90.24455261230469
2010-08-11,87.77120208740234
2010-08-12,87.23316955566406
2010-08-13,86.9762191772461
2010-08-16,86.93607330322266
2010-08-17,88.00409698486328
2010-08-18,88.16468811035156
2010-08-19,86.63088989257812
2010-08-20,86.34984588623047
2010-08-23,86.02058410644531
2010-08-24,84.74375915527344
2010-08-25,85.07303619384766
2010-08-26,84.50288391113281
2010-08-27,85.81184387207031
2010-08-30,84.56710052490234
2010-08-31,84.56710052490234
2010-09-01,87.0966567993164
2010-09-02,87.90771484375
2010-09-03,89.04802703857422
2010-09-07,88.04424285888672
2010-09-08,88.66258239746094
2010-09-09,89.07209014892578
2010-09-10,89.52182006835938
2010-09-13,90.51759338378906
2010-09-14,90.46135711669922
2010-09-15,90.80664825439453
2010-09-16,90.7825927734375
2010-09-17,90.81647491455078
2010-09-20,92.20508575439453
2010-09-21,92.0194091796875
2010-09-22,91.56729125976562
2010-09-23,90.82457733154297
2010-09-24,92.69756317138672
2010-09-27,92.25350189208984
2010-09-28,92.57644653320312
2010-09-29,92.41499328613281
2010-09-30,92.14049530029297
2010-10-01,92.52803039550781
2010-10-04,91.83370971679688
2010-10-05,93.68248748779297
2010-10-06,93.6744384765625
2010-10-07,93.5614013671875
2010-10-08,94.08617401123047
2010-10-11,94.17497253417969
2010-10-12,94.46562957763672
2010-10-13,95.20025634765625
2010-10-14,94.82890319824219
2010-10-15,95.02263641357422
2010-10-18,95.49092864990234
2010-10-19,94.23958587646484
2010-10-20,95.159912109375
2010-10-21,95.36981201171875
2010-10-22,95.54743957519531
2010-10-25,95.82998657226562
2010-10-26,95.84614562988281
2010-10-27,95.57164764404297
2010-10-28,95.58779907226562
2010-10-29,95.66046142578125
2010-11-01,95.69276428222656
2010-11-02,96.4516372680664
2010-11-03,96.83916473388672
2010-11-04,98.7041015625
2010-11-05,99.07546997070312
2010-11-08,98.88976287841797
2010-11-09,98.17933654785156
2010-11-10,98.57490539550781
2010-11-11,98.20354461669922
2010-11-12,97.0409927368164
2010-11-15,96.90373992919922
2010-11-16,95.3940200805664
2010-11-17,95.44247436523438
2010-11-18,96.84725189208984
2010-11-19,97.11367797851562
2010-11-22,97.03292083740234
2010-11-23,95.628173828125
2010-11-24,97.0409927368164
2010-11-26,95.91072082519531
2010-11-29,96.20138549804688
2010-11-30,95.66046142578125
2010-12-01,97.69493865966797
2010-12-02,98.94628143310547
2010-12-03,99.21270751953125
2010-12-06,99.1077651977539
2010-12-07,99.16426849365234
2010-12-08,99.52755737304688
2010-12-09,99.91509246826172
2010-12-10,100.49638366699219
2010-12-13,100.56092834472656
2010-12-14,100.64973449707031
2010-12-15,100.18954467773438
2010-12-16,100.77086639404297
2010-12-17,100.8788070678711
2010-12-20,101.12227630615234
2010-12-21,101.76337432861328
2010-12-22,102.07991790771484
2010-12-23,101.93384552001953
2010-12-27,101.97444915771484
2010-12-28,102.12051391601562
2010-12-29,102.19355010986328
2010-12-30,102.03124237060547
2010-12-31,102.05558776855469
2011-01-03,103.11064147949219
2011-01-04,103.0538101196289
2011-01-05,103.58944702148438
2011-01-06,103.38658905029297
2011-01-07,103.18365478515625
2011-01-10,103.0538101196289
2011-01-11,103.41905212402344
2011-01-12,104.35236358642578
2011-01-13,104.1819076538086
2011-01-14,104.9366683959961
2011-01-18,105.115234375
2011-01-19,104.08450317382812
2011-01-20,103.9465560913086
2011-01-21,104.1819076538086
2011-01-24,104.77435302734375
2011-01-25,104.8311538696289
2011-01-26,105.23694610595703
2011-01-27,105.49667358398438
2011-01-28,103.6543960571289
2011-01-31,104.4334716796875
2011-02-01,106.1053466796875
2011-02-02,105.9024429321289
2011-02-03,106.13782501220703
2011-02-04,106.43810272216797
2011-02-07,107.10356140136719
2011-02-08,107.59056091308594
2011-02-09,107.34707641601562
2011-02-10,107.38764953613281
2011-02-11,108.0287857055664
2011-02-14,108.28845977783203
2011-02-15,107.94763946533203
2011-02-16,108.62934112548828
2011-02-17,108.9539566040039
2011-02-18,109.18119812011719
2011-02-22,106.98992919921875
2011-02-23,106.33257293701172
2011-02-24,106.2595443725586
2011-02-25,107.39573669433594
2011-02-28,108.06123352050781
2011-03-01,106.2595443725586
2011-03-02,106.48676300048828
2011-03-03,108.32095336914062
2011-03-04,107.50933837890625
2011-03-07,106.66532135009766
2011-03-08,107.59866333007812
2011-03-09,107.44445037841797
2011-03-10,105.4560775756836
2011-03-11,106.18650817871094
2011-03-14,105.54536437988281
2011-03-15,104.33610534667969
2011-03-16,102.40455627441406
2011-03-17,103.75989532470703
2011-03-18,104.13731384277344
2011-03-21,105.75119018554688
2011-03-22,105.38436889648438
2011-03-23,105.68597412109375
2011-03-24,106.69668579101562
2011-03-25,107.02273559570312
2011-03-28,106.76190185546875
2011-03-29,107.47920227050781
2011-03-30,108.220947265625
2011-03-31,108.0741958618164
2011-04-01,108.53065490722656
2011-04-04,108.62029266357422
2011-04-05,108.60401916503906
2011-04-06,108.9463882446289
2011-04-07,108.66924285888672
2011-04-08,108.29430389404297
2011-04-11,107.9682388305664
2011-04-12,107.16130828857422
2011-04-13,107.15318298339844
2011-04-14,107.23467254638672
2011-04-15,107.62589263916016
2011-04-18,106.41956329345703
2011-04-19,107.0309066772461
2011-04-20,108.48992156982422
2011-04-21,109.04420471191406
2011-04-25,108.93010711669922
2011-04-26,109.86741638183594
2011-04-27,110.584716796875
2011-04-28,110.94334411621094
2011-04-29,111.20421600341797
2011-05-02,111.03302764892578
2011-05-03,110.63362884521484
2011-05-04,109.9000244140625
2011-05-05,108.90562438964844
2011-05-06,109.38654327392578
2011-05-09,109.81037902832031
2011-05-10,110.74777221679688
2011-05-11,109.58216857910156
2011-05-12,110.10383605957031
2011-05-13,109.25608825683594
2011-05-16,108.56326293945312
2011-05-17,108.54698181152344
2011-05-18,109.5169677734375
2011-05-19,109.77779388427734
2011-05-20,108.90562438964844
2011-05-23,107.64221954345703
2011-05-24,107.55254364013672
2011-05-25,107.91120147705078
2011-05-26,108.40840911865234
2011-05-27,108.82411193847656
2011-05-31,109.95708465576172
2011-06-01,107.48734283447266
2011-06-02,107.37322998046875
2011-06-03,106.3054428100586
2011-06-06,105.18060302734375
2011-06-07,105.11541748046875
2011-06-08,104.67523956298828
2011-06-09,105.47405242919922
2011-06-10,104.00686645507812
2011-06-13,104.08837127685547
2011-06-14,105.40885162353516
2011-06-15,103.53411102294922
2011-06-16,103.76235961914062
2011-06-17,104.07196807861328
2011-06-20,104.60440063476562
2011-06-21,106.03791046142578
2011-06-22,105.39897918701172
2011-06-23,105.09589385986328
2011-06-24,103.87538146972656
2011-06-27,104.801025390625
2011-06-28,106.16895294189453
2011-06-29,107.07823181152344
2011-06-30,108.10214233398438
2011-07-01,109.69950866699219
2011-07-05,109.60936737060547
2011-07-06,109.74040985107422
2011-07-07,110.8790283203125
2011-07-08,110.0926742553711
2011-07-11,108.10214233398438
2011-07-12,107.63524627685547
2011-07-13,107.99565887451172
2011-07-14,107.25022888183594
2011-07-15,107.87278747558594
2011-07-18,106.98812103271484
2011-07-19,108.72471618652344
2011-07-20,108.65914154052734
2011-07-21,110.1663818359375
2011-07-22,110.24012756347656
2011-07-25,109.62574768066406
2011-07-26,109.2161865234375
2011-07-27,106.97994232177734
2011-07-28,106.66864776611328
2011-07-29,105.93965911865234
2011-08-01,105.48909759521484
2011-08-02,102.79412078857422
2011-08-03,103.35112762451172
2011-08-04,98.510009765625
2011-08-05,98.3625717163086
2011-08-08,91.95687103271484
2011-08-09,96.23275756835938
2011-08-10,91.9814453125
2011-08-11,96.10994720458984
2011-08-12,96.75704193115234
2011-08-15,98.80487060546875
2011-08-16,97.96116638183594
2011-08-17,98.0267105102539
2011-08-18,93.79993438720703
2011-08-19,92.26814270019531
2011-08-22,92.34187316894531
2011-08-23,95.380859375
2011-08-24,96.72427368164062
2011-08-25,95.24982452392578
2011-08-26,96.63417053222656
2011-08-29,99.41105651855469
2011-08-30,99.67318725585938
2011-08-31,100.11550903320312
2011-09-01,99.0670166015625
2011-09-02,96.5358657836914
2011-09-06,95.83140563964844
2011-09-07,98.5345687866211
2011-09-08,97.51062774658203
2011-09-09,94.95491790771484
2011-09-12,95.56927490234375
2011-09-13,96.44577026367188
2011-09-14,97.78097534179688
2011-09-15,99.46841430664062
2011-09-16,100.05711364746094
2011-09-19,99.06080627441406
2011-09-20,98.945556640625
2011-09-21,96.0307846069336
2011-09-22,92.9266357421875
2011-09-23,93.48655700683594
2011-09-26,95.70964050292969
2011-09-27,96.78006744384766
2011-09-28,94.80393981933594
2011-09-29,95.55321502685547
2011-09-30,93.16541290283203
2011-10-03,90.51414489746094
2011-10-04,92.49847412109375
2011-10-05,94.21112823486328
2011-10-06,95.91549682617188
2011-10-07,95.27330017089844
2011-10-10,98.45974731445312
2011-10-11,98.55856323242188
2011-10-12,99.42310333251953
2011-10-13,99.2254867553711
2011-10-14,100.92166137695312
2011-10-17,98.99494934082031
2011-10-18,100.92989349365234
2011-10-19,99.73597717285156
2011-10-20,100.17237854003906
2011-10-21,102.07438659667969
2011-10-24,103.32593536376953
2011-10-25,101.31688690185547
2011-10-26,102.34611511230469
2011-10-27,105.91134643554688
2011-10-28,105.88663482666016
2011-10-31,103.33414459228516
2011-11-01,100.45231628417969
2011-11-02,102.09087371826172
2011-11-03,103.9516830444336
2011-11-04,103.31769561767578
2011-11-07,103.95994567871094
2011-11-08,105.29378509521484
2011-11-09,101.4074478149414
2011-11-10,102.3625717163086
2011-11-11,104.2892837524414
2011-11-14,103.30122375488281
2011-11-15,103.81173706054688
2011-11-16,102.16496276855469
2011-11-17,100.54290771484375
2011-11-18,100.43586730957031
2011-11-21,98.52561950683594
2011-11-22,98.13863372802734
2011-11-23,95.97314453125
2011-11-25,95.79200744628906
2011-11-28,98.56680297851562
2011-11-29,98.84676361083984
2011-11-30,102.91425323486328
2011-12-01,102.89775848388672
2011-12-02,102.80720520019531
2011-12-05,103.92698669433594
2011-12-06,103.95994567871094
2011-12-07,104.34689331054688
2011-12-08,102.05790710449219
2011-12-09,103.78704833984375
2011-12-12,102.27201080322266
2011-12-13,101.31688690185547
2011-12-14,100.23825073242188
2011-12-15,100.60055541992188
2011-12-16,100.74967193603516
2011-12-19,99.6725082397461
2011-12-20,102.6885986328125
2011-12-21,102.88748931884766
2011-12-22,103.79894256591797
2011-12-23,104.72698211669922
2011-12-27,104.80982971191406
2011-12-28,103.43436431884766
2011-12-29,104.50325012207031
2011-12-30,103.98948669433594
2012-01-03,105.64672088623047
2012-01-04,105.81242370605469
2012-01-05,106.09416961669922
2012-01-06,105.82076263427734
2012-01-09,106.07758331298828
2012-01-10,106.99734497070312
2012-01-11,107.05533599853516
2012-01-12,107.31221008300781
2012-01-13,106.75704956054688
2012-01-17,107.17134094238281
2012-01-18,108.35626220703125
2012-01-19,108.92799377441406
2012-01-20,109.33399200439453
2012-01-23,109.05229949951172
2012-01-24,108.92799377441406
2012-01-25,109.83944702148438
2012-01-26,109.27601623535156
2012-01-27,109.22627258300781
2012-01-30,108.8534164428711
2012-01-31,108.81199645996094
2012-02-01,109.76484680175781
2012-02-02,109.93888854980469
2012-02-03,111.48011779785156
2012-02-06,111.40547180175781
2012-02-07,111.68721008300781
2012-02-08,112.01866912841797
2012-02-09,112.15953063964844
2012-02-10,111.3309555053711
2012-02-13,112.15953063964844
2012-02-14,112.01866912841797
2012-02-15,111.49662780761719
2012-02-16,112.73123931884766
2012-02-17,113.02958679199219
2012-02-21,113.07926940917969
2012-02-22,112.7146987915039
2012-02-23,113.21187591552734
2012-02-24,113.4604263305664
2012-02-27,113.6510238647461
2012-02-28,113.98242950439453
2012-02-29,113.53501892089844
2012-03-01,114.1233139038086
2012-03-02,113.7752914428711
2012-03-05,113.3113021850586
2012-03-06,111.65409088134766
2012-03-07,112.43299102783203
2012-03-08,113.55156707763672
2012-03-09,113.9907455444336
2012-03-12,113.9990463256836
2012-03-13,116.05397033691406
2012-03-14,115.92967987060547
2012-03-15,116.60082244873047
2012-03-16,116.76226806640625
2012-03-19,117.22000885009766
2012-03-20,116.87882232666016
2012-03-21,116.68737030029297
2012-03-22,115.8468246459961
2012-03-23,116.2213363647461
2012-03-26,117.85253143310547
2012-03-27,117.4863510131836
2012-03-28,116.90377807617188
2012-03-29,116.7040786743164
2012-03-30,117.1867446899414
2012-04-02,118.04393768310547
2012-04-03,117.56123352050781
2012-04-04,116.3960952758789
2012-04-05,116.33784484863281
2012-04-09,115.03121185302734
2012-04-10,113.10045623779297
2012-04-11,114.01591491699219
2012-04-12,115.5055923461914
2012-04-13,114.13246154785156
2012-04-16,114.05754089355469
2012-04-17,115.74697875976562
2012-04-18,115.35584259033203
2012-04-19,114.61514282226562
2012-04-20,114.80656433105469
2012-04-23,113.84112548828125
2012-04-24,114.2739028930664
2012-04-25,115.83851623535156
2012-04-26,116.6457748413086
2012-04-27,116.83721160888672
2012-04-30,116.40443420410156
2012-05-01,117.12848663330078
2012-05-02,116.7789306640625
2012-05-03,115.8884506225586
2012-05-04,114.01591491699219
2012-05-07,114.09915924072266
2012-05-08,113.64143371582031
2012-05-09,112.96731567382812
2012-05-10,113.2003402709961
2012-05-11,112.85912322998047
2012-05-14,111.61077117919922
2012-05-15,110.9699478149414
2012-05-16,110.54553985595703
2012-05-17,108.906005859375
2012-05-18,107.97390747070312
2012-05-21,109.82975006103516
2012-05-22,110.02117919921875
2012-05-23,110.0794677734375
2012-05-24,110.2957992553711
2012-05-25,109.93801879882812
2012-05-29,111.26957702636719
2012-05-30,109.65499877929688
2012-05-31,109.41368103027344
2012-06-01,106.65898895263672
2012-06-04,106.60906219482422
2012-06-05,107.41632843017578
2012-06-06,109.82975006103516
2012-06-07,109.89636993408203
2012-06-08,110.77020263671875
2012-06-11,109.36372375488281
2012-06-12,110.6203842163086
2012-06-13,109.91304016113281
2012-06-14,111.0781478881836
2012-06-15,112.21417999267578
2012-06-18,112.43170928955078
2012-06-19,113.51917266845703
2012-06-20,113.33515167236328
2012-06-21,110.79204559326172
2012-06-22,111.64533233642578
2012-06-25,109.8551254272461
2012-06-26,110.40725708007812
2012-06-27,111.40274047851562
2012-06-28,111.0848388671875
2012-06-29,113.85382080078125
2012-07-02,114.19676971435547
2012-07-03,114.94967651367188
2012-07-05,114.43097686767578
2012-07-06,113.34353637695312
2012-07-09,113.20130920410156
2012-07-10,112.21417999267578
2012-07-11,112.23090362548828
2012-07-12,111.6871337890625
2012-07-13,113.56098937988281
2012-07-16,113.29332733154297
2012-07-17,114.07132720947266
2012-07-18,114.91619110107422
2012-07-19,115.21737670898438
2012-07-20,114.1633071899414
2012-07-23,113.00889587402344
2012-07-24,112.03850555419922
2012-07-25,112.0635986328125
2012-07-26,113.91233825683594
2012-07-27,116.0120849609375
2012-07-30,116.0120849609375
2012-07-31,115.20065307617188
2012-08-01,115.10025024414062
2012-08-02,114.3055648803711
2012-08-03,116.57258605957031
2012-08-06,116.79844665527344
2012-08-07,117.38402557373047
2012-08-08,117.5262222290039
2012-08-09,117.62663269042969
2012-08-10,117.81901550292969
2012-08-13,117.760498046875
2012-08-14,117.77717590332031
2012-08-15,117.91104125976562
2012-08-16,118.78104400634766
2012-08-17,118.94000244140625
2012-08-20,118.9483642578125
2012-08-21,118.588623046875
2012-08-22,118.63884735107422
2012-08-23,117.66844177246094
2012-08-24,118.37948608398438
2012-08-27,118.40458679199219
2012-08-28,118.28749084472656
2012-08-29,118.37948608398438
2012-08-30,117.5262222290039
2012-08-31,118.08670806884766
2012-09-04,117.97794342041016
2012-09-05,117.87757873535156
2012-09-06,120.27010345458984
2012-09-07,120.7385482788086
2012-09-10,120.05260467529297
2012-09-11,120.38721466064453
2012-09-12,120.78874969482422
2012-09-13,122.6291732788086
2012-09-14,123.1728744506836
2012-09-17,122.75468444824219
2012-09-18,122.65424346923828
2012-09-19,122.72119140625
2012-09-20,122.7295913696289
2012-09-21,122.6782455444336
2012-09-24,122.49320983886719
2012-09-25,121.18966674804688
2012-09-26,120.50843048095703
2012-09-27,121.64382934570312
2012-09-28,121.080322265625
2012-10-01,121.39991760253906
2012-10-02,121.52606201171875
2012-10-03,122.0222396850586
2012-10-04,122.89691925048828
2012-10-05,122.90532684326172
2012-10-08,122.48480987548828
2012-10-09,121.27378845214844
2012-10-10,120.50005340576172
2012-10-11,120.56731414794922
2012-10-12,120.1720199584961
2012-10-15,121.17282104492188
2012-10-16,122.40067291259766
2012-10-17,122.95581817626953
2012-10-18,122.63622283935547
2012-10-19,120.59254455566406
2012-10-22,120.60938262939453
2012-10-23,118.93572998046875
2012-10-24,118.59934997558594
2012-10-25,118.9441909790039
2012-10-26,118.87690734863281
2012-10-31,118.87690734863281
2012-11-01,120.12154388427734
2012-11-02,119.05348205566406
2012-11-05,119.29743957519531
2012-11-06,120.23091125488281
2012-11-07,117.50605010986328
2012-11-08,116.09317016601562
2012-11-09,116.19406127929688
2012-11-12,116.28658294677734
2012-11-13,115.88285827636719
2012-11-14,114.318603515625
2012-11-15,114.12516784667969
2012-11-16,114.68860626220703
2012-11-19,117.0098648071289
2012-11-20,117.06028747558594
2012-11-21,117.27898406982422
2012-11-23,118.87690734863281
2012-11-26,118.62462615966797
2012-11-27,118.01905059814453
2012-11-28,118.96941375732422
2012-11-29,119.5244369506836
2012-11-30,119.54971313476562
2012-12-03,118.96094512939453
2012-12-04,118.7927474975586
2012-12-05,119.00300598144531
2012-12-06,119.40668487548828
2012-12-07,119.76840209960938
2012-12-10,119.81881713867188
2012-12-11,120.63457489013672
2012-12-12,120.69347381591797
2012-12-13,119.9533920288086
2012-12-14,119.50764465332031
2012-12-17,120.912109375
2012-12-18,122.25770568847656
2012-12-19,121.3494644165039
2012-12-20,122.0474853515625
2012-12-21,120.93963623046875
2012-12-24,120.56698608398438
2012-12-26,120.0588150024414
2012-12-27,119.89786529541016
2012-12-28,118.60198974609375
2012-12-31,120.61784362792969
2013-01-02,123.70929718017578
2013-01-03,123.42975616455078
2013-01-04,123.97183990478516
2013-01-07,123.63301849365234
2013-01-08,123.27731323242188
2013-01-09,123.5906753540039
2013-01-10,124.57313537597656
2013-01-11,124.56468963623047
2013-01-14,124.4800033569336
2013-01-15,124.56468963623047
2013-01-16,124.5477523803711
2013-01-17,125.35240936279297
2013-01-18,125.63189697265625
2013-01-22,126.30947875976562
2013-01-23,126.51276397705078
2013-01-24,126.54661560058594
2013-01-25,127.2580337524414
2013-01-28,127.10565948486328
2013-01-29,127.60533905029297
2013-01-30,127.10565948486328
2013-01-31,126.79222869873047
2013-02-01,128.09664916992188
2013-02-04,126.65673828125
2013-02-05,127.93569946289062
2013-02-06,128.02882385253906
2013-02-07,127.85948181152344
2013-02-08,128.5708770751953
2013-02-11,128.54547119140625
2013-02-12,128.7572479248047
2013-02-13,128.8673095703125
2013-02-14,128.98590087890625
2013-02-15,128.8334503173828
2013-02-19,129.7990264892578
2013-02-20,128.18130493164062
2013-02-21,127.40208435058594
2013-02-22,128.64712524414062
2013-02-25,126.19939422607422
2013-02-26,127.06330871582031
2013-02-27,128.6640625
2013-02-28,128.4099884033203
2013-03-01,128.8334503173828
2013-03-04,129.51951599121094
2013-03-05,130.6798553466797
2013-03-06,130.85769653320312
2013-03-07,131.09487915039062
2013-03-08,131.65383911132812
2013-03-11,132.153564453125
2013-03-12,131.857177734375
2013-03-13,132.04354858398438
2013-03-14,132.74649047851562
2013-03-15,132.57125854492188
2013-03-18,131.83961486816406
2013-03-19,131.53334045410156
2013-03-20,132.45211791992188
2013-03-21,131.3206329345703
2013-03-22,132.37554931640625
2013-03-25,131.8225555419922
2013-03-26,132.87750244140625
2013-03-27,132.87750244140625
2013-03-28,133.285888671875
2013-04-01,132.75840759277344
2013-04-02,133.4134979248047
2013-04-03,132.060791015625
2013-04-04,132.5967559814453
2013-04-05,132.00123596191406
2013-04-08,132.89453125
2013-04-09,133.3538818359375
2013-04-10,134.98736572265625
2013-04-11,135.42971801757812
2013-04-12,135.09793090820312
2013-04-15,131.9672393798828
2013-04-16,133.9154052734375
2013-04-17,131.9586944580078
2013-04-18,131.1334991455078
2013-04-19,132.2734375
2013-04-22,132.86044311523438
2013-04-23,134.2301788330078
2013-04-24,134.3152618408203
2013-04-25,134.8596954345703
2013-04-26,134.62156677246094
2013-04-29,135.52333068847656
2013-04-30,135.84661865234375
2013-05-01,134.65553283691406
2013-05-02,135.9061279296875
2013-05-03,137.28433227539062
2013-05-06,137.63314819335938
2013-05-07,138.33079528808594
2013-05-08,138.9602813720703
2013-05-09,138.5689697265625
2013-05-10,139.01986694335938
2013-05-13,139.13047790527344
2013-05-14,140.56820678710938
2013-05-15,141.3253936767578
2013-05-16,140.6617889404297
2013-05-17,142.02304077148438
2013-05-20,142.0144805908203
2013-05-21,142.2186737060547
2013-05-22,141.16371154785156
2013-05-23,140.7554168701172
2013-05-24,140.63624572753906
2013-05-28,141.47850036621094
2013-05-29,140.55970764160156
2013-05-30,141.0786590576172
2013-05-31,139.0539093017578
2013-06-03,139.81954956054688
2013-06-04,139.14747619628906
2013-06-05,137.1992950439453
2013-06-06,138.44142150878906
2013-06-07,140.202392578125
2013-06-10,140.202392578125
2013-06-11,138.75616455078125
2013-06-12,137.60765075683594
2013-06-13,139.70050048828125
2013-06-14,138.82418823242188
2013-06-17,139.89614868164062
2013-06-18,141.0021514892578
2013-06-19,139.0539093017578
2013-06-20,135.60836791992188
2013-06-21,136.04373168945312
2013-06-24,134.3246307373047
2013-06-25,135.61605834960938
2013-06-26,136.95880126953125
2013-06-27,137.76272583007812
2013-06-28,137.19825744628906
2013-07-01,138.00222778320312
2013-07-02,137.87391662597656
2013-07-03,137.93380737304688
2013-07-05,139.42198181152344
2013-07-08,140.21728515625
2013-07-09,141.2264862060547
2013-07-10,141.27781677246094
2013-07-11,143.20213317871094
2013-07-12,143.26194763183594
2013-07-15,143.80929565429688
2013-07-16,143.2704620361328
2013-07-17,143.6382598876953
2013-07-18,144.4250946044922
2013-07-19,144.6816864013672
2013-07-22,144.96389770507812
2013-07-23,144.65599060058594
2013-07-24,144.12574768066406
2013-07-25,144.47642517089844
2013-07-26,144.6303253173828
2013-07-29,144.18563842773438
2013-07-30,144.18563842773438
2013-07-31,144.2882843017578
2013-08-01,145.9559783935547
2013-08-02,146.2040252685547
2013-08-05,145.99021911621094
2013-08-06,145.16061401367188
2013-08-07,144.6902313232422
2013-08-08,145.22052001953125
2013-08-09,144.8013916015625
2013-08-12,144.6303253173828
2013-08-13,145.0579833984375
2013-08-14,144.31396484375
2013-08-15,142.29554748535156
2013-08-16,141.82518005371094
2013-08-19,140.91859436035156
2013-08-20,141.61134338378906
2013-08-21,140.73899841308594
2013-08-22,142.0218505859375
2013-08-23,142.50079345703125
2013-08-26,141.97056579589844
2013-08-27,139.68702697753906
2013-08-28,140.18310546875
2013-08-29,140.40548706054688
2013-08-30,139.9607391357422
2013-09-03,140.59356689453125
2013-09-04,141.75672912597656
2013-09-05,141.93634033203125
2013-09-06,142.00477600097656
2013-09-09,143.3645782470703
2013-09-10,144.4250946044922
2013-09-11,144.87841796875
2013-09-12,144.49349975585938
2013-09-13,144.8185272216797
2013-09-16,145.65667724609375
2013-09-17,146.30662536621094
2013-09-18,148.0
2013-09-19,147.75198364257812
2013-09-20,146.71900939941406
2013-09-23,146.04006958007812
2013-09-24,145.6962890625
2013-09-25,145.27516174316406
2013-09-26,145.83380126953125
2013-09-27,145.1634521484375
2013-09-30,144.38999938964844
2013-10-01,145.5330047607422
2013-10-02,145.39549255371094
2013-10-03,144.05482482910156
2013-10-04,145.14627075195312
2013-10-07,143.89154052734375
2013-10-08,142.21566772460938
2013-10-09,142.3188018798828
2013-10-10,145.38693237304688
2013-10-11,146.32363891601562
2013-10-14,146.90802001953125
2013-10-15,145.8423614501953
2013-10-16,147.8791961669922
2013-10-17,148.8675537109375
2013-10-18,149.873046875
2013-10-21,149.88165283203125
2013-10-22,150.74961853027344
2013-10-23,150.0277557373047
2013-10-24,150.5261993408203
2013-10-25,151.21371459960938
2013-10-28,151.45433044433594
2013-10-29,152.26222229003906
2013-10-30,151.5059051513672
2013-10-31,151.07620239257812
2013-11-01,151.43714904785156
2013-11-04,151.97000122070312
2013-11-05,151.48875427246094
2013-11-06,152.26222229003906
2013-11-07,150.33714294433594
2013-11-08,152.3653564453125
2013-11-11,152.3911590576172
2013-11-12,152.0817413330078
2013-11-13,153.30210876464844
2013-11-14,154.0670166015625
2013-11-15,154.73731994628906
2013-11-18,154.19586181640625
2013-11-19,153.86073303222656
2013-11-20,153.3794403076172
2013-11-21,154.6170196533203
2013-11-22,155.3904571533203
2013-11-25,155.23577880859375
2013-11-26,155.2786865234375
2013-11-27,155.65692138671875
2013-11-29,155.5537567138672
2013-12-02,155.14987182617188
2013-12-03,154.47947692871094
2013-12-04,154.46231079101562
2013-12-05,153.78335571289062
2013-12-06,155.5021514892578
2013-12-09,155.89752197265625
2013-12-10,155.33888244628906
2013-12-11,153.59425354003906
2013-12-12,153.08721923828125
2013-12-13,153.07008361816406
2013-12-16,154.02401733398438
2013-12-17,153.5341339111328
2013-12-18,156.1553497314453
2013-12-19,155.97488403320312
2013-12-20,156.8821258544922
2013-12-23,157.7203369140625
2013-12-24,158.06594848632812
2013-12-26,158.8695068359375
2013-12-27,158.8608856201172
2013-12-30,158.8349609375
2013-12-31,159.58668518066406
2014-01-02,158.0572967529297
2014-01-03,158.03140258789062
2014-01-06,157.5734100341797
2014-01-07,158.5412139892578
2014-01-08,158.5757293701172
2014-01-09,158.67942810058594
2014-01-10,159.1114959716797
2014-01-13,156.99449157714844
2014-01-14,158.70538330078125
2014-01-15,159.56080627441406
2014-01-16,159.35340881347656
2014-01-17,158.67942810058594
2014-01-21,159.1460418701172
2014-01-22,159.24972534179688
2014-01-23,157.94496154785156
2014-01-24,154.57508850097656
2014-01-27,153.81466674804688
2014-01-28,154.73060607910156
2014-01-29,153.244384765625
2014-01-30,154.86883544921875
2014-01-31,153.96153259277344
2014-02-03,150.49664306640625
2014-02-04,151.55079650878906
2014-02-05,151.36065673828125
2014-02-06,153.35671997070312
2014-02-07,155.25770568847656
2014-02-10,155.5428466796875
2014-02-11,157.2450408935547
2014-02-12,157.32281494140625
2014-02-13,158.13502502441406
2014-02-14,159.00778198242188
2014-02-18,159.19789123535156
2014-02-19,158.14370727539062
2014-02-20,159.07691955566406
2014-02-21,158.89544677734375
2014-02-24,159.77684020996094
2014-02-25,159.7163543701172
2014-02-26,159.72499084472656
2014-02-27,160.56307983398438
2014-02-28,160.96922302246094
2014-03-03,159.83729553222656
2014-03-04,162.0839385986328
2014-03-05,162.2307891845703
2014-03-06,162.60235595703125
2014-03-07,162.67149353027344
2014-03-10,162.5850830078125
2014-03-11,161.7814483642578
2014-03-12,161.82470703125
2014-03-13,160.01010131835938
2014-03-14,159.56080627441406
2014-03-17,161.0038299560547
2014-03-18,162.153076171875
2014-03-19,161.2889404296875
2014-03-20,162.2307891845703
2014-03-21,161.60154724121094
2014-03-24,160.93331909179688
2014-03-25,161.697021484375
2014-03-26,160.53404235839844
2014-03-27,160.19561767578125
2014-03-28,160.98538208007812
2014-03-31,162.3045654296875
2014-04-01,163.38076782226562
2014-04-02,163.92750549316406
2014-04-03,163.71055603027344
2014-04-04,161.77513122558594
2014-04-07,159.98728942871094
2014-04-08,160.64686584472656
2014-04-09,162.37400817871094
2014-04-10,158.9632110595703
2014-04-11,157.53115844726562
2014-04-14,158.772216796875
2014-04-15,159.8657684326172
2014-04-16,161.54080200195312
2014-04-17,161.76644897460938
2014-04-21,162.33058166503906
2014-04-22,163.0683135986328
2014-04-23,162.68646240234375
2014-04-24,163.0162353515625
2014-04-25,161.67971801757812
2014-04-28,162.19180297851562
2014-04-29,162.9468231201172
2014-04-30,163.4328155517578
2014-05-01,163.45016479492188
2014-05-02,163.21591186523438
2014-05-05,163.52828979492188
2014-05-06,162.1049346923828
2014-05-07,163.05967712402344
2014-05-08,162.8860626220703
2014-05-09,163.12908935546875
2014-05-12,164.71731567382812
2014-05-13,164.86485290527344
2014-05-14,164.08377075195312
2014-05-15,162.64303588867188
2014-05-16,163.20718383789062
2014-05-19,163.80601501464844
2014-05-20,162.77322387695312
2014-05-21,164.14451599121094
2014-05-22,164.543701171875
2014-05-23,165.2033233642578
2014-05-27,166.21875
2014-05-28,166.0972137451172
2014-05-29,166.95643615722656
2014-05-30,167.22549438476562
2014-06-02,167.41644287109375
2014-06-03,167.3296356201172
2014-06-04,167.66812133789062
2014-06-05,168.76170349121094
2014-06-06,169.56884765625
2014-06-09,169.74241638183594
2014-06-10,169.75975036621094
2014-06-11,169.16957092285156
2014-06-12,167.97189331054688
2014-06-13,168.48399353027344
2014-06-16,168.62278747558594
2014-06-17,169.0914764404297
2014-06-18,170.3325958251953
2014-06-19,170.52349853515625
2014-06-20,170.8697509765625
2014-06-23,170.8174285888672
2014-06-24,169.78839111328125
2014-06-25,170.55577087402344
2014-06-26,170.43365478515625
2014-06-27,170.76502990722656
2014-06-30,170.67787170410156
2014-07-01,171.82020568847656
2014-07-02,171.99465942382812
2014-07-03,172.84051513671875
2014-07-07,172.2388458251953
2014-07-08,171.13134765625
2014-07-09,171.89871215820312
2014-07-10,171.218505859375
2014-07-11,171.4539794921875
2014-07-14,172.31729125976562
2014-07-15,171.99465942382812
2014-07-16,172.63125610351562
2014-07-17,170.66912841796875
2014-07-18,172.41326904296875
2014-07-21,172.09056091308594
2014-07-22,172.84051513671875
2014-07-23,173.2241973876953
2014-07-24,173.2329559326172
2014-07-25,172.42193603515625
2014-07-28,172.49171447753906
2014-07-29,171.75045776367188
2014-07-30,171.77664184570312
2014-07-31,168.3843536376953
2014-08-01,167.8698272705078
2014-08-04,169.08201599121094
2014-08-05,167.4425506591797
2014-08-06,167.49484252929688
2014-08-07,166.58798217773438
2014-08-08,168.51516723632812
2014-08-11,169.00355529785156
2014-08-12,168.76808166503906
2014-08-13,169.91043090820312
2014-08-14,170.7127227783203
2014-08-15,170.67787170410156
2014-08-18,172.10801696777344
2014-08-19,173.00624084472656
2014-08-20,173.46836853027344
2014-08-21,173.97421264648438
2014-08-22,173.70388793945312
2014-08-25,174.58470153808594
2014-08-26,174.69801330566406
2014-08-27,174.62826538085938
2014-08-28,174.5323028564453
2014-08-29,175.0293426513672
2014-09-02,174.94219970703125
2014-09-03,174.8462677001953
2014-09-04,174.59336853027344
2014-09-05,175.3782196044922
2014-09-08,174.92471313476562
2014-09-09,173.81724548339844
2014-09-10,174.47125244140625
2014-09-11,174.67184448242188
2014-09-12,173.65155029296875
2014-09-15,173.52073669433594
2014-09-16,174.82882690429688
2014-09-17,175.06427001953125
2014-09-18,175.9973907470703
2014-09-19,175.83876037597656
2014-09-22,174.48081970214844
2014-09-23,173.48199462890625
2014-09-24,174.8400115966797
2014-09-25,172.01885986328125
2014-09-26,173.38565063476562
2014-09-29,173.0702362060547
2014-09-30,172.6146240234375
2014-10-01,170.275390625
2014-10-02,170.30166625976562
2014-10-03,172.17662048339844
2014-10-06,171.97503662109375
2014-10-07,169.32041931152344
2014-10-08,172.28172302246094
2014-10-09,168.8648223876953
2014-10-10,166.9373779296875
2014-10-13,164.195068359375
2014-10-14,164.44912719726562
2014-10-15,163.33645629882812
2014-10-16,163.19630432128906
2014-10-17,165.123779296875
2014-10-20,166.72708129882812
2014-10-21,170.03005981445312
2014-10-22,168.8209686279297
2014-10-23,170.78355407714844
2014-10-24,172.09771728515625
2014-10-27,171.86117553710938
2014-10-28,173.83250427246094
2014-10-29,173.5696258544922
2014-10-30,174.68231201171875
2014-10-31,176.67990112304688
2014-11-03,176.7762451171875
2014-11-04,176.16299438476562
2014-11-05,177.27566528320312
2014-11-06,177.9853057861328
2014-11-07,178.1517791748047
2014-11-10,178.71249389648438
2014-11-11,178.88771057128906
2014-11-12,178.6949920654297
2014-11-13,178.89651489257812
2014-11-14,178.94029235839844
2014-11-17,179.0541534423828
2014-11-18,180.08802795410156
2014-11-19,179.79888916015625
2014-11-20,180.11428833007812
2014-11-21,181.07803344726562
2014-11-24,181.58619689941406
2014-11-25,181.4547576904297
2014-11-26,181.91905212402344
2014-11-28,181.53363037109375
2014-12-01,180.27200317382812
2014-12-02,181.437255859375
2014-12-03,182.1381378173828
2014-12-04,181.93661499023438
2014-12-05,182.23448181152344
2014-12-08,181.0166778564453
2014-12-09,180.89405822753906
2014-12-10,177.9940643310547
2014-12-11,178.89651489257812
2014-12-12,176.0052490234375
2014-12-15,174.79620361328125
2014-12-16,173.39437866210938
2014-12-17,176.79376220703125
2014-12-18,181.16563415527344
2014-12-19,181.93649291992188
2014-12-22,182.7734375
2014-12-23,183.0200653076172
2014-12-24,183.0376739501953
2014-12-26,183.62791442871094
2014-12-29,183.87460327148438
2014-12-30,182.887939453125
2014-12-31,181.07318115234375
2015-01-02,180.9762420654297
2015-01-05,177.70790100097656
2015-01-06,176.0340576171875
2015-01-07,178.22764587402344
2015-01-08,181.39028930664062
2015-01-09,179.93670654296875
2015-01-12,178.5271453857422
2015-01-13,178.02503967285156
2015-01-14,176.95025634765625
2015-01-15,175.32928466796875
2015-01-16,177.62860107421875
2015-01-20,178.0073699951172
2015-01-21,178.90599060058594
2015-01-22,181.56651306152344
2015-01-23,180.5709991455078
2015-01-26,180.99383544921875
2015-01-27,178.6064910888672
2015-01-28,176.31594848632812
2015-01-29,177.94573974609375
2015-01-30,175.70811462402344
2015-02-02,177.88409423828125
2015-02-03,180.4564666748047
2015-02-04,179.76934814453125
2015-02-05,181.58409118652344
2015-02-06,181.0819549560547
2015-02-09,180.27149963378906
2015-02-10,182.19195556640625
2015-02-11,182.2976837158203
2015-02-12,184.05081176757812
2015-02-13,184.80841064453125
2015-02-17,185.09918212890625
2015-02-18,185.1167755126953
2015-02-19,184.984619140625
2015-02-20,186.09466552734375
2015-02-23,186.0681915283203
2015-02-24,186.59678649902344
2015-02-25,186.43821716308594
2015-02-26,186.21798706054688
2015-02-27,185.58370971679688
2015-03-02,186.75538635253906
2015-03-03,185.98890686035156
2015-03-04,185.20486450195312
2015-03-05,185.40753173828125
2015-03-06,182.79983520507812
2015-03-09,183.55746459960938
2015-03-10,180.57980346679688
2015-03-11,180.15695190429688
2015-03-12,182.4474334716797
2015-03-13,181.32864379882812
2015-03-16,183.75128173828125
2015-03-17,183.2050323486328
2015-03-18,185.40753173828125
2015-03-19,184.56178283691406
2015-03-20,186.19085693359375
2015-03-23,185.8280487060547
2015-03-24,184.7838897705078
2015-03-25,182.0760955810547
2015-03-26,181.64251708984375
2015-03-27,182.05838012695312
2015-03-30,184.27944946289062
2015-03-31,182.66897583007812
2015-04-01,182.0229949951172
2015-04-02,182.67784118652344
2015-04-06,183.9078369140625
2015-04-07,183.42112731933594
2015-04-08,184.0405731201172
2015-04-09,184.8546600341797
2015-04-10,185.8634490966797
2015-04-13,185.02281188964844
2015-04-14,185.37673950195312
2015-04-15,186.20852661132812
2015-04-16,186.1554718017578
2015-04-17,184.01400756835938
2015-04-20,185.6953125
2015-04-21,185.47410583496094
2015-04-22,186.3855438232422
2015-04-23,186.8545379638672
2015-04-24,187.2881317138672
2015-04-27,186.50941467285156
2015-04-28,187.10227966308594
2015-04-29,186.33245849609375
2015-04-30,184.4653778076172
2015-05-01,186.46514892578125
2015-05-04,186.99612426757812
2015-05-05,184.8546600341797
2015-05-06,184.0936737060547
2015-05-07,184.82809448242188
2015-05-08,187.2615509033203
2015-05-11,186.36782836914062
2015-05-12,185.81033325195312
2015-05-13,185.8457489013672
2015-05-14,187.78367614746094
2015-05-15,187.98719787597656
2015-05-18,188.5712127685547
2015-05-19,188.50927734375
2015-05-20,188.37655639648438
2015-05-21,188.92520141601562
2015-05-22,188.47389221191406
2015-05-26,186.4474639892578
2015-05-27,188.21726989746094
2015-05-28,188.00491333007812
2015-05-29,186.8368682861328
2015-06-01,187.2173614501953
2015-06-02,187.03152465820312
2015-06-03,187.52706909179688
2015-06-04,185.94309997558594
2015-06-05,185.62457275390625
2015-06-08,184.48301696777344
2015-06-09,184.45643615722656
2015-06-10,186.66871643066406
2015-06-11,187.2704315185547
2015-06-12,185.83689880371094
2015-06-15,185.0404815673828
2015-06-16,186.0492401123047
2015-06-17,186.35011291503906
2015-06-18,188.28805541992188
2015-06-19,187.45216369628906
2015-06-22,188.41253662109375
2015-06-23,188.54591369628906
2015-06-24,187.17657470703125
2015-06-25,186.6074676513672
2015-06-26,186.57192993164062
2015-06-29,182.65940856933594
2015-06-30,183.04177856445312
2015-07-01,184.50894165039062
2015-07-02,184.33999633789062
2015-07-06,183.81539916992188
2015-07-07,184.97134399414062
2015-07-08,181.86801147460938
2015-07-09,182.197021484375
2015-07-10,184.49114990234375
2015-07-13,186.52743530273438
2015-07-14,187.3366241455078
2015-07-15,187.27438354492188
2015-07-16,188.77713012695312
2015-07-17,188.93716430664062
2015-07-20,189.03500366210938
2015-07-21,188.28805541992188
2015-07-22,187.9501495361328
2015-07-23,186.89199829101562
2015-07-24,184.95355224609375
2015-07-27,183.87765502929688
2015-07-28,186.1361846923828
2015-07-29,187.4166717529297
2015-07-30,187.4611358642578
2015-07-31,187.17657470703125
2015-08-03,186.54525756835938
2015-08-04,186.1806640625
2015-08-05,186.79420471191406
2015-08-06,185.2648162841797
2015-08-07,184.90907287597656
2015-08-10,187.23878479003906
2015-08-11,185.54928588867188
2015-08-12,185.77163696289062
2015-08-13,185.5404815673828
2015-08-14,186.2162322998047
2015-08-17,187.25657653808594
2015-08-18,186.71414184570312
2015-08-19,185.2381134033203
2015-08-20,181.37010192871094
2015-08-21,175.910400390625
2015-08-24,168.50340270996094
2015-08-25,166.5204620361328
2015-08-26,172.91380310058594
2015-08-27,177.1908416748047
2015-08-28,177.19970703125
2015-08-31,175.7681121826172
2015-09-01,170.5218963623047
2015-09-02,173.75856018066406
2015-09-03,173.88304138183594
2015-09-04,171.25100708007812
2015-09-08,175.55470275878906
2015-09-09,173.2071990966797
2015-09-10,174.1497802734375
2015-09-11,174.94117736816406
2015-09-14,174.2920684814453
2015-09-15,176.4705810546875
2015-09-16,178.0
2015-09-17,177.59991455078125
2015-09-18,174.6975860595703
2015-09-21,175.60040283203125
2015-09-22,173.32118225097656
2015-09-23,173.04408264160156
2015-09-24,172.4183807373047
2015-09-25,172.37368774414062
2015-09-28,168.047607421875
2015-09-29,168.14590454101562
2015-09-30,171.283203125
2015-10-01,171.73016357421875
2015-10-02,174.2954559326172
2015-10-05,177.39695739746094
2015-10-06,176.7891845703125
2015-10-07,178.23719787597656
2015-10-08,179.84605407714844
2015-10-09,179.9533233642578
2015-10-12,180.12310791015625
2015-10-13,178.98797607421875
2015-10-14,178.1299285888672
2015-10-15,180.86502075195312
2015-10-16,181.6873321533203
2015-10-19,181.7766876220703
2015-10-20,181.5443115234375
2015-10-21,180.41810607910156
2015-10-22,183.46600341796875
2015-10-23,185.47714233398438
2015-10-26,185.02125549316406
2015-10-27,184.6637725830078
2015-10-28,186.7642364501953
2015-10-29,186.65696716308594
2015-10-30,185.85250854492188
2015-11-02,188.0513458251953
2015-11-03,188.5965576171875
2015-11-04,188.0245361328125
2015-11-05,187.83682250976562
2015-11-06,187.73851013183594
2015-11-09,185.98663330078125
2015-11-10,186.41567993164062
2015-11-11,185.6827392578125
2015-11-12,183.09059143066406
2015-11-13,181.03482055664062
2015-11-16,183.78778076171875
2015-11-17,183.6537628173828
2015-11-18,186.56759643554688
2015-11-19,186.40675354003906
2015-11-20,187.08599853515625
2015-11-23,186.87152099609375
2015-11-24,187.12179565429688
2015-11-25,187.09495544433594
2015-11-27,187.30943298339844
2015-11-30,186.5318603515625
2015-12-01,188.31057739257812
2015-12-02,186.38882446289062
2015-12-03,183.77883911132812
2015-12-04,187.36309814453125
2015-12-07,186.2279510498047
2015-12-08,184.97662353515625
2015-12-09,183.53753662109375
2015-12-10,184.01124572753906
2015-12-11,180.4449005126953
2015-12-14,181.35662841796875
2015-12-15,183.26048278808594
2015-12-16,185.94192504882812
2015-12-17,183.1085205078125
2015-12-18,179.84642028808594
2015-12-21,181.3300018310547
2015-12-22,182.9753875732422
2015-12-23,185.2412872314453
2015-12-24,184.93556213378906
2015-12-28,184.5129852294922
2015-12-29,186.48207092285156
2015-12-30,185.16033935546875
2015-12-31,183.30812072753906
2016-01-04,180.74557495117188
2016-01-05,181.05125427246094
2016-01-06,178.7674560546875
2016-01-07,174.478515625
2016-01-08,172.5633544921875
2016-01-11,172.73423767089844
2016-01-12,174.12786865234375
2016-01-13,169.78500366210938
2016-01-14,172.5723419189453
2016-01-15,168.86790466308594
2016-01-19,169.09268188476562
2016-01-20,166.9257354736328
2016-01-21,167.86083984375
2016-01-22,171.30459594726562
2016-01-25,168.7150115966797
2016-01-26,171.016845703125
2016-01-27,169.15560913085938
2016-01-28,170.03680419921875
2016-01-29,174.1818084716797
2016-02-01,174.118896484375
2016-02-02,170.9808807373047
2016-02-03,172.00587463378906
2016-02-04,172.2756805419922
2016-02-05,168.99374389648438
2016-02-08,166.71890258789062
2016-02-09,166.72792053222656
2016-02-10,166.58407592773438
2016-02-11,164.41709899902344
2016-02-12,167.80691528320312
2016-02-16,170.63922119140625
2016-02-17,173.4265594482422
2016-02-18,172.71621704101562
2016-02-19,172.63531494140625
2016-02-22,175.13491821289062
2016-02-23,172.9230499267578
2016-02-24,173.71429443359375
2016-02-25,175.81826782226562
2016-02-26,175.4136505126953
2016-02-29,174.03794860839844
2016-03-01,178.12905883789062
2016-03-02,178.92929077148438
2016-03-03,179.63064575195312
2016-03-04,180.21505737304688
2016-03-07,180.35890197753906
2016-03-08,178.38983154296875
2016-03-09,179.2709503173828
2016-03-10,179.41482543945312
2016-03-11,182.31004333496094
2016-03-14,182.07630920410156
2016-03-15,181.77957153320312
2016-03-16,182.83157348632812
2016-03-17,183.99148559570312
2016-03-18,184.71446228027344
2016-03-21,184.97657775878906
2016-03-22,184.87713623046875
2016-03-23,183.65707397460938
2016-03-24,183.57571411132812
2016-03-28,183.68414306640625
2016-03-29,185.38328552246094
2016-03-30,186.1967010498047
2016-03-31,185.7447967529297
2016-04-01,187.01004028320312
2016-04-04,186.40452575683594
2016-04-05,184.54275512695312
2016-04-06,186.5581817626953
2016-04-07,184.32582092285156
2016-04-08,184.8229522705078
2016-04-11,184.3891143798828
2016-04-12,186.10630798339844
2016-04-13,187.98614501953125
2016-04-14,187.99517822265625
2016-04-15,187.7873077392578
2016-04-18,189.1068572998047
2016-04-19,189.70333862304688
2016-04-20,189.8840789794922
2016-04-21,188.86285400390625
2016-04-22,188.86285400390625
2016-04-25,188.53746032714844
2016-04-26,188.81764221191406
2016-04-27,189.20626831054688
2016-04-28,187.48910522460938
2016-04-29,186.4768524169922
2016-05-02,187.95904541015625
2016-05-03,186.32321166992188
2016-05-04,185.2838592529297
2016-05-05,185.24771118164062
2016-05-06,185.92556762695312
2016-05-09,186.0791778564453
2016-05-10,188.3928680419922
2016-05-11,186.63046264648438
2016-05-12,186.6847381591797
2016-05-13,185.0579071044922
2016-05-16,186.883544921875
2016-05-17,185.13926696777344
2016-05-18,185.19349670410156
2016-05-19,184.55178833007812
2016-05-20,185.71768188476562
2016-05-23,185.46463012695312
2016-05-24,187.86866760253906
2016-05-25,189.14300537109375
2016-05-26,189.19720458984375
2016-05-27,190.01065063476562
2016-05-31,189.6491241455078
2016-06-01,190.0377197265625
2016-06-02,190.61618041992188
2016-06-03,190.04676818847656
2016-06-06,191.0138397216797
2016-06-07,191.3120880126953
2016-06-08,191.9356231689453
2016-06-09,191.673583984375
2016-06-10,189.85702514648438
2016-06-13,188.3928680419922
2016-06-14,188.02230834960938
2016-06-15,187.7602081298828
2016-06-16,188.320556640625
2016-06-17,187.61923217773438
2016-06-20,188.8275146484375
2016-06-21,189.36351013183594
2016-06-22,189.0546417236328
2016-06-23,191.51654052734375
2016-06-24,184.63938903808594
2016-06-27,181.33250427246094
2016-06-28,184.6030731201172
2016-06-29,187.74639892578125
2016-06-30,190.30831909179688
2016-07-01,190.70803833007812
2016-07-05,189.3362579345703
2016-07-06,190.4718780517578
2016-07-07,190.353759765625
2016-07-08,193.18817138671875
2016-07-11,193.8695526123047
2016-07-12,195.27772521972656
2016-07-13,195.2504425048828
2016-07-14,196.34059143066406
2016-07-15,196.0771484375
2016-07-18,196.60406494140625
2016-07-19,196.40419006347656
2016-07-20,197.22183227539062
2016-07-21,196.4768829345703
2016-07-22,197.35813903808594
2016-07-25,196.82211303710938
2016-07-26,196.9129638671875
2016-07-27,196.70404052734375
2016-07-28,196.93115234375
2016-07-29,197.24908447265625
2016-08-01,197.08558654785156
2016-08-02,195.82278442382812
2016-08-03,196.39511108398438
2016-08-04,196.60406494140625
2016-08-05,198.2120819091797
2016-08-08,198.09397888183594
2016-08-09,198.2120819091797
2016-08-10,197.72149658203125
2016-08-11,198.63906860351562
2016-08-12,198.46649169921875
2016-08-15,199.03880310058594
2016-08-16,198.0122528076172
2016-08-17,198.38467407226562
2016-08-18,198.8298797607422
2016-08-19,198.5391082763672
2016-08-22,198.53005981445312
2016-08-23,198.9298095703125
2016-08-24,197.91226196289062
2016-08-25,197.77601623535156
2016-08-26,197.4035186767578
2016-08-29,198.37562561035156
2016-08-30,198.04855346679688
2016-08-31,197.48529052734375
2016-09-01,197.494384765625
2016-09-02,198.38467407226562
2016-09-06,198.98426818847656
2016-09-07,198.9661407470703
2016-09-08,198.51185607910156
2016-09-09,193.76052856445312
2016-09-12,196.54051208496094
2016-09-13,193.7151336669922
2016-09-14,193.64239501953125
2016-09-15,195.57748413085938
2016-09-16,194.82147216796875
2016-09-19,194.85800170898438
2016-09-20,194.86712646484375
2016-09-21,197.05850219726562
2016-09-22,198.30026245117188
2016-09-23,197.2136993408203
2016-09-26,195.61585998535156
2016-09-27,196.8302459716797
2016-09-28,197.80718994140625
2016-09-29,196.01759338378906
2016-09-30,197.49676513671875
2016-10-03,197.02194213867188
2016-10-04,196.01759338378906
2016-10-05,196.885009765625
2016-10-06,197.02194213867188
2016-10-07,196.3463134765625
2016-10-10,197.36892700195312
2016-10-11,194.8762664794922
2016-10-12,195.1319122314453
2016-10-13,194.49273681640625
2016-10-14,194.59323120117188
2016-10-17,193.9175567626953
2016-10-18,195.1319122314453
2016-10-19,195.65235900878906
2016-10-20,195.28713989257812
2016-10-21,195.3784637451172
2016-10-24,196.2093505859375
2016-10-25,195.5519256591797
2016-10-26,195.1593017578125
2016-10-27,194.6388702392578
2016-10-28,194.0636444091797
2016-10-31,194.07272338867188
2016-11-01,192.66661071777344
2016-11-02,191.50704956054688
2016-11-03,190.63047790527344
2016-11-04,190.42051696777344
2016-11-07,194.62057495117188
2016-11-08,195.49713134765625
2016-11-09,197.56980895996094
2016-11-10,198.06285095214844
2016-11-11,197.6063232421875
2016-11-14,197.76153564453125
2016-11-15,199.30465698242188
2016-11-16,198.9302520751953
2016-11-17,199.95291137695312
2016-11-18,199.50550842285156
2016-11-21,201.01205444335938
2016-11-22,201.4047088623047
2016-11-23,201.51426696777344
2016-11-25,202.26300048828125
2016-11-28,201.3134002685547
2016-11-29,201.70599365234375
2016-11-30,201.22210693359375
2016-12-01,200.48252868652344
2016-12-02,200.58291625976562
2016-12-05,201.7882080078125
2016-12-06,202.42735290527344
2016-12-07,205.07522583007812
2016-12-08,205.57742309570312
2016-12-09,206.81918334960938
2016-12-12,206.581787109375
2016-12-13,207.96054077148438
2016-12-14,206.24395751953125
2016-12-15,207.09310913085938
2016-12-16,206.6880645751953
2016-12-19,207.13809204101562
2016-12-20,207.93719482421875
2016-12-21,207.35855102539062
2016-12-22,207.00035095214844
2016-12-23,207.303466796875
2016-12-27,207.81781005859375
2016-12-28,206.10025024414062
2016-12-29,206.0543670654297
2016-12-30,205.30123901367188
2017-01-03,206.87181091308594
2017-01-04,208.1024932861328
2017-01-05,207.93719482421875
2017-01-06,208.68116760253906
2017-01-09,207.9923095703125
2017-01-10,207.9923095703125
2017-01-11,208.5801239013672
2017-01-12,208.0565643310547
2017-01-13,208.5341796875
2017-01-17,207.79937744140625
2017-01-18,208.2586212158203
2017-01-19,207.4871063232422
2017-01-20,208.2494354248047
2017-01-23,207.7075958251953
2017-01-24,209.03929138183594
2017-01-25,210.84869384765625
2017-01-26,210.6282501220703
2017-01-27,210.29759216308594
2017-01-30,208.99339294433594
2017-01-31,208.9750213623047
2017-02-01,209.0576629638672
2017-02-02,209.19544982910156
2017-02-03,210.63743591308594
2017-02-06,210.26084899902344
2017-02-07,210.27005004882812
2017-02-08,210.5455780029297
2017-02-09,211.794677734375
2017-02-10,212.6304473876953
2017-02-13,213.78775024414062
2017-02-14,214.64186096191406
2017-02-15,215.76235961914062
2017-02-16,215.5786590576172
2017-02-17,215.91848754882812
2017-02-21,217.20436096191406
2017-02-22,217.011474609375
2017-02-23,217.158447265625
2017-02-24,217.43397521972656
2017-02-27,217.77377319335938
2017-02-28,217.1859588623047
2017-03-01,220.22605895996094
2017-03-02,218.83920288085938
2017-03-03,218.97695922851562
2017-03-06,218.32485961914062
2017-03-07,217.67276000976562
2017-03-08,217.26866149902344
2017-03-09,217.54417419433594
2017-03-10,218.3064727783203
2017-03-13,218.41673278808594
2017-03-14,217.5809326171875
2017-03-15,219.46371459960938
2017-03-16,219.0320587158203
2017-03-17,218.6473846435547
2017-03-20,218.40756225585938
2017-03-21,215.6033172607422
2017-03-22,216.1106719970703
2017-03-23,215.8800811767578
2017-03-24,215.72320556640625
2017-03-27,215.5018310546875
2017-03-28,217.0700225830078
2017-03-29,217.27291870117188
2017-03-30,217.96478271484375
2017-03-31,217.45741271972656
2017-04-03,217.07923889160156
2017-04-04,217.2176055908203
2017-04-05,216.57191467285156
2017-04-06,217.18067932128906
2017-04-07,216.95932006835938
2017-04-10,217.08847045898438
2017-04-11,216.8301544189453
2017-04-12,215.8800811767578
2017-04-13,214.47792053222656
2017-04-17,216.37820434570312
2017-04-18,215.732421875
2017-04-19,215.3358154296875
2017-04-20,217.08847045898438
2017-04-21,216.39662170410156
2017-04-24,218.77651977539062
2017-04-25,220.04953002929688
2017-04-26,219.9111328125
2017-04-27,220.0956268310547
2017-04-28,219.61595153808594
2017-05-01,220.16941833496094
2017-05-02,220.25244140625
2017-05-03,219.9849395751953
2017-05-04,220.24322509765625
2017-05-05,221.1103057861328
2017-05-08,221.07345581054688
2017-05-09,220.87049865722656
2017-05-10,221.26715087890625
2017-05-11,220.81512451171875
2017-05-12,220.4461669921875
2017-05-15,221.66378784179688
2017-05-16,221.46084594726562
2017-05-17,217.53123474121094
2017-05-18,218.40756225585938
2017-05-19,219.82810974121094
2017-05-22,220.94427490234375
2017-05-23,221.4331512451172
2017-05-24,221.94973754882812
2017-05-25,223.01055908203125
2017-05-26,222.96446228027344
2017-05-30,222.77069091796875
2017-05-31,222.7153778076172
2017-06-01,224.48648071289062
2017-06-02,225.233642578125
2017-06-05,225.067626953125
2017-06-06,224.34814453125
2017-06-07,224.76319885253906
2017-06-08,224.87391662597656
2017-06-09,224.5325927734375
2017-06-12,224.48648071289062
2017-06-13,225.58421325683594
2017-06-14,225.2982635498047
2017-06-15,224.8647003173828
2017-06-16,224.91380310058594
2017-06-19,226.78627014160156
2017-06-20,225.2567596435547
2017-06-21,225.20115661621094
2017-06-22,225.09921264648438
2017-06-23,225.3679962158203
2017-06-26,225.5163116455078
2017-06-27,223.69952392578125
2017-06-28,225.70172119140625
2017-06-29,223.71804809570312
2017-06-30,224.13519287109375
2017-07-03,224.51524353027344
2017-07-05,225.03433227539062
2017-07-06,222.97647094726562
2017-07-07,224.4225311279297
2017-07-10,224.6635284423828
2017-07-11,224.49668884277344
2017-07-12,226.1837158203125
2017-07-13,226.5637664794922
2017-07-14,227.62046813964844
2017-07-17,227.59266662597656
2017-07-18,227.7132110595703
2017-07-19,228.946044921875
2017-07-20,229.0480194091797
2017-07-21,228.8440704345703
2017-07-24,228.7884521484375
2017-07-25,229.3446044921875
2017-07-26,229.35386657714844
2017-07-27,229.14068603515625
2017-07-28,228.8718719482422
2017-07-31,228.74209594726562
2017-08-01,229.25192260742188
2017-08-02,229.36317443847656
2017-08-03,228.91819763183594
2017-08-04,229.3353271484375
2017-08-07,229.76171875
2017-08-08,229.19627380371094
2017-08-09,229.18701171875
2017-08-10,225.95196533203125
2017-08-11,226.2856903076172
2017-08-14,228.52890014648438
2017-08-15,228.50108337402344
2017-08-16,228.89968872070312
2017-08-17,225.33091735839844
2017-08-18,224.97869873046875
2017-08-21,225.15481567382812
2017-08-22,227.50926208496094
2017-08-23,226.6935577392578
2017-08-24,226.1652069091797
2017-08-25,226.6935577392578
2017-08-28,226.70281982421875
2017-08-29,226.9623565673828
2017-08-30,228.03761291503906
2017-08-31,229.4094696044922
2017-09-01,229.73390197753906
2017-09-05,228.08395385742188
2017-09-06,228.8625946044922
2017-09-07,228.8347930908203
2017-09-08,228.56600952148438
2017-09-11,231.0038299560547
2017-09-12,231.782470703125
2017-09-13,231.8936767578125
2017-09-14,231.81954956054688
2017-09-15,232.13162231445312
2017-09-18,232.62538146972656
2017-09-19,232.85824584960938
2017-09-20,232.9420623779297
2017-09-21,232.3179168701172
2017-09-22,232.36451721191406
2017-09-25,231.88937377929688
2017-09-26,232.0291748046875
2017-09-27,232.9327850341797
2017-09-28,233.2122344970703
2017-09-29,234.03196716308594
2017-10-02,235.04737854003906
2017-10-03,235.55038452148438
2017-10-04,235.82984924316406
2017-10-05,237.2271270751953
2017-10-06,236.95700073242188
2017-10-09,236.5657958984375
2017-10-10,237.18991088867188
2017-10-11,237.5625457763672
2017-10-12,237.2085418701172
2017-10-13,237.49729919433594
2017-10-16,237.81405639648438
2017-10-17,237.9817352294922
2017-10-18,238.214599609375
2017-10-19,238.27981567382812
2017-10-20,239.50941467285156
2017-10-23,238.577880859375
2017-10-24,238.99710083007812
2017-10-25,237.81405639648438
2017-10-26,238.1214599609375
2017-10-27,240.06838989257812
2017-10-30,239.174072265625
2017-10-31,239.54669189453125
2017-11-01,239.8634490966797
2017-11-02,239.95657348632812
2017-11-03,240.7577362060547
2017-11-06,241.13034057617188
2017-11-07,240.96267700195312
2017-11-08,241.37252807617188
2017-11-09,240.4969024658203
2017-11-10,240.42236328125
2017-11-13,240.64590454101562
2017-11-14,240.0869903564453
2017-11-15,238.88531494140625
2017-11-16,240.9160919189453
2017-11-17,240.20809936523438
2017-11-20,240.61795043945312
2017-11-21,242.19229125976562
2017-11-22,241.97804260253906
2017-11-24,242.53697204589844
2017-11-27,242.41586303710938
2017-11-28,244.8751983642578
2017-11-29,244.72610473632812
2017-11-30,246.86865234375
2017-12-01,246.35630798339844
2017-12-04,246.05825805664062
2017-12-05,245.17327880859375
2017-12-06,245.2198028564453
2017-12-07,245.99302673339844
2017-12-08,247.33444213867188
2017-12-11,248.07968139648438
2017-12-12,248.51751708984375
2017-12-13,248.4895782470703
2017-12-14,247.47415161132812
2017-12-15,249.5350341796875
2017-12-18,251.11734008789062
2017-12-19,250.1529541015625
2017-12-20,250.02188110351562
2017-12-21,250.53684997558594
2017-12-22,250.47129821777344
2017-12-26,250.17164611816406
2017-12-27,250.29339599609375
2017-12-28,250.808349609375
2017-12-29,249.86270141601562
2018-01-02,251.65098571777344
2018-01-03,253.24276733398438
2018-01-04,254.31019592285156
2018-01-05,256.0049133300781
2018-01-08,256.4730224609375
2018-01-09,257.0535888671875
2018-01-10,256.66021728515625
2018-01-11,258.5329284667969
2018-01-12,260.21826171875
2018-01-16,259.3287658691406
2018-01-17,261.80059814453125
2018-01-18,261.3605041503906
2018-01-19,262.5495910644531
2018-01-22,264.6843566894531
2018-01-23,265.24615478515625
2018-01-24,265.1431884765625
2018-01-25,265.25555419921875
2018-01-26,268.32659912109375
2018-01-29,266.54766845703125
2018-01-30,263.813720703125
2018-01-31,263.9446716308594
2018-02-01,263.6451110839844
2018-02-02,257.9055480957031
2018-02-05,247.11929321289062
2018-02-06,251.9880828857422
2018-02-07,250.62112426757812
2018-02-08,241.22061157226562
2018-02-09,244.8440704345703
2018-02-12,248.43946838378906
2018-02-13,249.05740356445312
2018-02-14,252.4188232421875
2018-02-15,255.6396942138672
2018-02-16,255.71458435058594
2018-02-20,254.11349487304688
2018-02-21,252.84945678710938
2018-02-22,253.17718505859375
2018-02-23,257.21270751953125
2018-02-26,260.19952392578125
2018-02-27,256.9505310058594
2018-02-28,254.34759521484375
2018-03-01,250.64918518066406
2018-03-02,251.94126892089844
2018-03-05,254.85321044921875
2018-03-06,255.49928283691406
2018-03-07,255.40557861328125
2018-03-08,256.6415710449219
2018-03-09,261.1077880859375
2018-03-12,260.77996826171875
2018-03-13,259.09466552734375
2018-03-14,257.76513671875
2018-03-15,257.4842529296875
2018-03-16,257.763427734375
2018-03-19,254.27581787109375
2018-03-20,254.70826721191406
2018-03-21,254.21942138671875
2018-03-22,247.86459350585938
2018-03-23,242.58152770996094
2018-03-26,249.21826171875
2018-03-27,244.97866821289062
2018-03-28,244.25477600097656
2018-03-29,247.3758087158203
2018-04-02,242.03627014160156
2018-04-03,245.13845825195312
2018-04-04,247.76119995117188
2018-04-05,249.71658325195312
2018-04-06,244.15138244628906
2018-04-09,245.3546600341797
2018-04-10,249.25592041015625
2018-04-11,247.9492645263672
2018-04-12,249.98916625976562
2018-04-13,249.25592041015625
2018-04-16,251.30523681640625
2018-04-17,253.9938201904297
2018-04-18,254.18182373046875
2018-04-19,252.77171325683594
2018-04-20,250.62835693359375
2018-04-23,250.59080505371094
2018-04-24,247.2160186767578
2018-04-25,247.82705688476562
2018-04-26,250.3463592529297
2018-04-27,250.5813446044922
2018-04-30,248.65426635742188
2018-05-01,249.09613037109375
2018-05-02,247.42282104492188
2018-05-03,246.8775634765625
2018-05-04,250.07371520996094
2018-05-07,250.9197998046875
2018-05-08,250.9197998046875
2018-05-09,253.3451385498047
2018-05-10,255.71409606933594
2018-05-11,256.49432373046875
2018-05-14,256.6165771484375
2018-05-15,254.84930419921875
2018-05-16,255.9209442138672
2018-05-17,255.7046661376953
2018-05-18,255.06544494628906
2018-05-21,256.9831848144531
2018-05-22,256.2687683105469
2018-05-23,256.9737548828125
2018-05-24,256.4473876953125
2018-05-25,255.83631896972656
2018-05-29,252.8938751220703
2018-05-30,256.2687683105469
2018-05-31,254.69882202148438
2018-06-01,257.1993408203125
2018-06-04,258.4214172363281
2018-06-05,258.6094970703125
2018-06-06,260.7715759277344
2018-06-07,260.743408203125
2018-06-08,261.5142517089844
2018-06-11,261.8620910644531
2018-06-12,262.2004699707031
2018-06-13,261.3638610839844
2018-06-14,262.0218200683594
2018-06-15,261.6875915527344
2018-06-18,261.1492614746094
2018-06-19,260.14837646484375
2018-06-20,260.59222412109375
2018-06-21,258.9586486816406
2018-06-22,259.4307556152344
2018-06-25,255.89926147460938
2018-06-26,256.46575927734375
2018-06-27,254.3411102294922
2018-06-28,255.79531860351562
2018-06-29,256.1636047363281
2018-07-02,256.71124267578125
2018-07-03,255.80474853515625
2018-07-05,257.8916015625
2018-07-06,260.0728759765625
2018-07-09,262.4146423339844
2018-07-10,263.3590087890625
2018-07-11,261.4326171875
2018-07-12,263.80279541015625
2018-07-13,264.0105895996094
2018-07-16,263.77447509765625
2018-07-17,264.84149169921875
2018-07-18,265.3985595703125
2018-07-19,264.39764404296875
2018-07-20,264.0954895019531
2018-07-23,264.5865478515625
2018-07-24,265.9179992675781
2018-07-25,268.1842346191406
2018-07-26,267.55157470703125
2018-07-27,265.7385559082031
2018-07-30,264.35052490234375
2018-07-31,265.6535339355469
2018-08-01,265.2097473144531
2018-08-02,266.6545104980469
2018-08-03,267.7970886230469
2018-08-06,268.7791442871094
2018-08-07,269.666748046875
2018-08-08,269.5534362792969
2018-08-09,269.1851806640625
2018-08-10,267.38165283203125
2018-08-13,266.38067626953125
2018-08-14,268.08038330078125
2018-08-15,266.07855224609375
2018-08-16,268.2314453125
2018-08-17,269.17572021484375
2018-08-20,269.7517395019531
2018-08-21,270.3844299316406
2018-08-22,270.223876953125
2018-08-23,269.8651123046875
2018-08-24,271.4892578125
2018-08-27,273.6327209472656
2018-08-28,273.76495361328125
2018-08-29,275.2380065917969
2018-08-30,274.12371826171875
2018-08-31,274.1331481933594
2018-09-04,273.6611022949219
2018-09-05,272.9244689941406
2018-09-06,272.10302734375
2018-09-07,271.5741882324219
2018-09-10,272.0463562011719
2018-09-11,272.943359375
2018-09-12,273.0094909667969
2018-09-13,274.62420654296875
2018-09-14,274.6714782714844
2018-09-17,273.2171936035156
2018-09-18,274.69970703125
2018-09-19,274.9924621582031
2018-09-20,277.220947265625
2018-09-21,276.9676818847656
2018-09-24,276.04754638671875
2018-09-25,275.79150390625
2018-09-26,274.96624755859375
2018-09-27,275.734619140625
2018-09-28,275.76300048828125
2018-10-01,276.7210388183594
2018-10-02,276.5598449707031
2018-10-03,276.71160888671875
2018-10-04,274.5489196777344
2018-10-05,273.0122375488281
2018-10-08,273.0122375488281
2018-10-09,272.6138916015625
2018-10-10,263.98199462890625
2018-10-11,258.16741943359375
2018-10-12,261.7528991699219
2018-10-15,260.28265380859375
2018-10-16,265.97393798828125
2018-10-17,266.02142333984375
2018-10-18,262.17974853515625
2018-10-19,262.0375061035156
2018-10-22,260.861328125
2018-10-23,259.5332946777344
2018-10-24,251.66981506347656
2018-10-25,256.1849365234375
2018-10-26,251.6792755126953
2018-10-29,250.284912109375
2018-10-30,253.99375915527344
2018-10-31,256.70660400390625
2018-11-01,259.4384460449219
2018-11-02,257.90185546875
2018-11-05,259.32470703125
2018-11-06,260.9656677246094
2018-11-07,266.5526123046875
2018-11-08,266.0688781738281
2018-11-09,263.4697570800781
2018-11-12,258.546875
2018-11-13,258.0630798339844
2018-11-14,256.29876708984375
2018-11-15,258.9736633300781
2018-11-16,259.6471252441406
2018-11-19,255.25537109375
2018-11-20,250.5315399169922
2018-11-21,251.38525390625
2018-11-23,249.706298828125
2018-11-26,253.73764038085938
2018-11-27,254.59136962890625
2018-11-28,260.45343017578125
2018-11-29,259.8842468261719
2018-11-30,261.4682922363281
2018-12-03,264.93060302734375
2018-12-04,256.34613037109375
2018-12-06,255.9572296142578
2018-12-07,250.00985717773438
2018-12-10,250.48416137695312
2018-12-11,250.54103088378906
2018-12-12,251.80262756347656
2018-12-13,251.7172393798828
2018-12-14,247.0693817138672
2018-12-17,242.22219848632812
2018-12-18,241.95664978027344
2018-12-19,238.3331756591797
2018-12-20,234.45361328125
2018-12-21,229.6497802734375
2018-12-24,223.5817413330078
2018-12-26,234.87815856933594
2018-12-27,236.68142700195312
2018-12-28,236.37608337402344
2018-12-31,238.44650268554688
2019-01-02,238.6945343017578
2019-01-03,232.9986114501953
2019-01-04,240.8030548095703
2019-01-07,242.70169067382812
2019-01-08,244.98196411132812
2019-01-09,246.1268768310547
2019-01-10,246.99513244628906
2019-01-11,247.090576171875
2019-01-14,245.58306884765625
2019-01-15,248.39767456054688
2019-01-16,248.9987335205078
2019-01-17,250.8877716064453
2019-01-18,254.22714233398438
2019-01-22,250.79238891601562
2019-01-23,251.31712341308594
2019-01-24,251.4507293701172
2019-01-25,253.57833862304688
2019-01-28,251.651123046875
2019-01-29,251.31712341308594
2019-01-30,255.2957000732422
2019-01-31,257.5378723144531
2019-02-01,257.66192626953125
2019-02-04,259.474609375
2019-02-05,260.56231689453125
2019-02-06,260.2188415527344
2019-02-07,257.73822021484375
2019-02-08,258.0530090332031
2019-02-11,258.1961669921875
2019-02-12,261.51641845703125
2019-02-13,262.36553955078125
2019-02-14,261.78350830078125
2019-02-15,264.6362609863281
2019-02-19,265.0942687988281
2019-02-20,265.6285705566406
2019-02-21,264.6839904785156
2019-02-22,266.3250427246094
2019-02-25,266.68756103515625
2019-02-26,266.4967956542969
2019-02-27,266.38232421875
2019-02-28,265.88604736328125
2019-03-01,267.5462951660156
2019-03-04,266.5730895996094
2019-03-05,266.21051025390625
2019-03-06,264.59808349609375
2019-03-07,262.3846435546875
2019-03-08,261.8598327636719
2019-03-11,265.6571350097656
2019-03-12,266.6589050292969
2019-03-13,268.42401123046875
2019-03-14,268.2522888183594
2019-03-15,269.57757568359375
2019-03-18,270.5550842285156
2019-03-19,270.6221008300781
2019-03-20,269.8075866699219
2019-03-21,272.85498046875
2019-03-22,267.6034851074219
2019-03-25,267.40228271484375
2019-03-26,269.3955078125
2019-03-27,267.9868469238281
2019-03-28,269.0026550292969
2019-03-29,270.69879150390625
2019-04-01,273.9090576171875
2019-04-02,274.0432434082031
2019-04-03,274.4744567871094
2019-04-04,275.2027893066406
2019-04-05,276.5348205566406
2019-04-08,276.74566650390625
2019-04-09,275.3273620605469
2019-04-10,276.2664794921875
2019-04-11,276.1898193359375
2019-04-12,278.05853271484375
2019-04-15,277.8764343261719
2019-04-16,278.05853271484375
2019-04-17,277.3780822753906
2019-04-18,277.9243469238281
2019-04-22,278.1639099121094
2019-04-23,280.6650695800781
2019-04-24,280.0421447753906
2019-04-25,279.86962890625
2019-04-26,281.1729736328125
2019-04-29,281.6137390136719
2019-04-30,281.7575378417969
2019-05-01,279.6396789550781
2019-05-02,279.0359191894531
2019-05-03,281.76715087890625
2019-05-06,280.6075744628906
2019-05-07,275.9214782714844
2019-05-08,275.5381164550781
2019-05-09,274.7044677734375
2019-05-10,276.0844421386719
2019-05-13,269.1463317871094
2019-05-14,271.5804443359375
2019-05-15,273.17120361328125
2019-05-16,275.7010803222656
2019-05-17,273.918701171875
2019-05-20,272.1075134277344
2019-05-21,274.5606994628906
2019-05-22,273.71746826171875
2019-05-23,270.37298583984375
2019-05-24,270.9862976074219
2019-05-28,268.4659423828125
2019-05-29,266.66436767578125
2019-05-30,267.3927307128906
2019-05-31,263.7894592285156
2019-06-03,263.1186828613281
2019-06-04,268.8302001953125
2019-06-05,271.15875244140625
2019-06-06,272.92205810546875
2019-06-07,275.6531982421875
2019-06-10,276.91815185546875
2019-06-11,276.85101318359375
2019-06-12,276.3623352050781
2019-06-13,277.5026550292969
2019-06-14,277.196044921875
2019-06-17,277.3014221191406
2019-06-18,280.205078125
2019-06-19,280.83758544921875
2019-06-20,283.5207824707031
2019-06-21,283.1086730957031
2019-06-24,282.76202392578125
2019-06-25,279.9886169433594
2019-06-26,279.7093811035156
2019-06-27,280.70123291015625
2019-06-28,282.1456604003906
2019-07-01,284.7071838378906
2019-07-02,285.4485778808594
2019-07-03,287.7308044433594
2019-07-05,287.4034118652344
2019-07-08,285.82421875
2019-07-09,286.1804504394531
2019-07-10,287.5478210449219
2019-07-11,288.221923828125
2019-07-12,289.51226806640625
2019-07-15,289.6085510253906
2019-07-16,288.67449951171875
2019-07-17,286.7100830078125
2019-07-18,287.7596435546875
2019-07-19,286.1612243652344
2019-07-22,286.8641357421875
2019-07-23,288.91522216796875
2019-07-24,290.27301025390625
2019-07-25,288.8863220214844
2019-07-26,290.8219299316406
2019-07-29,290.2922668457031
2019-07-30,289.5797119140625
2019-07-31,286.41156005859375
2019-08-01,283.9175109863281
2019-08-02,281.77972412109375
2019-08-05,273.3057861328125
2019-08-06,277.1383056640625
2019-08-07,277.302001953125
2019-08-08,282.7427062988281
2019-08-09,280.8168029785156
2019-08-12,277.3983459472656
2019-08-13,281.71234130859375
2019-08-14,273.3828125
2019-08-15,274.1049499511719
2019-08-16,278.14947509765625
2019-08-19,281.50048828125
2019-08-20,279.343505859375
2019-08-21,281.6160583496094
2019-08-22,281.52935791015625
2019-08-23,274.29754638671875
2019-08-26,277.3309020996094
2019-08-27,276.2427062988281
2019-08-28,278.1879577636719
2019-08-29,281.7411804199219
2019-08-30,281.6160583496094
2019-09-03,279.9693908691406
2019-09-04,283.1471862792969
2019-09-05,286.78717041015625
2019-09-06,287.00860595703125
2019-09-09,287.15301513671875
2019-09-10,287.0856628417969
2019-09-11,289.1271057128906
2019-09-12,290.1285705566406
2019-09-13,289.9360046386719
2019-09-16,289.0404357910156
2019-09-17,289.7723388671875
2019-09-18,289.9455871582031
2019-09-19,289.92633056640625
2019-09-20,288.5565185546875
2019-09-23,288.48876953125
2019-09-24,286.22509765625
2019-09-25,287.91796875
2019-09-26,287.3182373046875
2019-09-27,285.7704162597656
2019-09-30,287.095703125
2019-10-01,283.6808166503906
2019-10-02,278.669677734375
2019-10-03,280.9527587890625
2019-10-04,284.7546081542969
2019-10-07,283.5260009765625
2019-10-08,279.1243896484375
2019-10-09,281.7750244140625
2019-10-10,283.6808166503906
2019-10-11,286.6217041015625
2019-10-14,286.3024597167969
2019-10-15,289.136962890625
2019-10-16,288.67254638671875
2019-10-17,289.52392578125
2019-10-18,288.2566223144531
2019-10-21,290.21075439453125
2019-10-22,289.2627258300781
2019-10-23,290.1043701171875
2019-10-24,290.5783386230469
2019-10-25,291.768310546875
2019-10-28,293.412841796875
2019-10-29,293.3258056640625
2019-10-30,294.2254943847656
2019-10-31,293.4418640136719
2019-11-01,296.1602783203125
2019-11-04,297.3501892089844
2019-11-05,297.02130126953125
2019-11-06,297.0889587402344
2019-11-07,298.1337585449219
2019-11-08,298.8689880371094
2019-11-11,298.2982482910156
2019-11-12,298.9270324707031
2019-11-13,299.0238037109375
2019-11-14,299.4591064453125
2019-11-15,301.6261291503906
2019-11-18,301.8486022949219
2019-11-19,301.76153564453125
2019-11-20,300.6393737792969
2019-11-21,300.1556091308594
2019-11-22,300.8231506347656
2019-11-25,303.15460205078125
2019-11-26,303.8414611816406
2019-11-27,305.1958312988281
2019-11-29,304.06396484375
2019-12-02,301.48095703125
2019-12-03,299.4591064453125
2019-12-04,301.3068542480469
2019-12-05,301.8486022949219
2019-12-06,304.6056823730469
2019-12-09,303.64801025390625
2019-12-10,303.3093566894531
2019-12-11,304.17034912109375
2019-12-12,306.7920227050781
2019-12-13,306.9757995605469
2019-12-16,309.08477783203125
2019-12-17,309.1524658203125
2019-12-18,309.1718444824219
2019-12-19,310.43914794921875
2019-12-20,311.8001708984375
2019-12-23,312.2765197753906
2019-12-24,312.2862548828125
2019-12-26,313.9486083984375
2019-12-27,313.8708190917969
2019-12-30,312.140380859375
2019-12-31,312.898681640625
2020-01-02,315.82489013671875
2020-01-03,313.43341064453125
2020-01-06,314.629150390625
2020-01-07,313.7444763183594
2020-01-08,315.41656494140625
2020-01-09,317.5552978515625
2020-01-10,316.6414794921875
2020-01-13,318.819091796875
2020-01-14,318.33306884765625
2020-01-15,319.0524597167969
2020-01-16,321.7064514160156
2020-01-17,322.707763671875
2020-01-21,322.0758056640625
2020-01-22,322.11474609375
2020-01-23,322.484130859375
2020-01-24,319.6162414550781
2020-01-27,314.49298095703125
2020-01-28,317.7886657714844
2020-01-29,317.526123046875
2020-01-30,318.556640625
2020-01-31,312.7723083496094
2020-02-03,315.09576416015625
2020-02-04,319.898193359375
2020-02-05,323.5924377441406
2020-02-06,324.68121337890625
2020-02-07,322.9508361816406
2020-02-10,325.3617248535156
2020-02-11,325.9255676269531
2020-02-12,328.0254821777344
2020-02-13,327.67547607421875
2020-02-14,328.2004699707031
2020-02-18,327.35467529296875
2020-02-19,328.9198303222656
2020-02-20,327.5685729980469
2020-02-21,324.1951599121094
2020-02-24,313.443115234375
2020-02-25,303.945068359375
2020-02-26,302.8271484375
2020-02-27,289.2266540527344
2020-02-28,288.0114440917969
2020-03-02,300.48419189453125
2020-03-03,291.880615234375
2020-03-04,304.14923095703125
2020-03-05,294.038818359375
2020-03-06,289.17803955078125
2020-03-09,266.5948181152344
2020-03-10,280.38970947265625
2020-03-11,266.72119140625
2020-03-12,241.20205688476562
2020-03-13,261.821533203125
2020-03-16,233.17202758789062
2020-03-17,245.76145935058594
2020-03-18,233.31784057617188
2020-03-19,233.81362915039062
2020-03-20,223.73760986328125
2020-03-23,218.01707458496094
2020-03-24,237.77012634277344
2020-03-25,241.32957458496094
2020-03-26,255.42074584960938
2020-03-27,247.81288146972656
2020-03-30,255.86077880859375
2020-03-31,252.04710388183594
2020-04-01,240.70376586914062
2020-04-02,246.25808715820312
2020-04-03,242.69862365722656
2020-04-06,258.9997863769531
2020-04-07,259.2637939453125
2020-04-08,267.96685791015625
2020-04-09,272.0446472167969
2020-04-13,269.5608215332031
2020-04-14,277.510986328125
2020-04-15,271.6143493652344
2020-04-16,272.92474365234375
2020-04-17,280.2978515625
2020-04-20,275.359619140625
2020-04-21,266.998779296875
2020-04-22,272.92474365234375
2020-04-23,272.9051513671875
2020-04-24,276.7090759277344
2020-04-27,280.69879150390625
2020-04-28,279.4080505371094
2020-04-29,286.7225036621094
2020-04-30,284.0529479980469
2020-05-01,276.5330810546875
2020-05-04,277.29583740234375
2020-05-05,279.8578186035156
2020-05-06,277.96075439453125
2020-05-07,281.3148498535156
2020-05-08,285.96954345703125
2020-05-11,286.0282287597656
2020-05-12,280.3272399902344
2020-05-13,275.369384765625
2020-05-14,278.66485595703125
2020-05-15,279.9458312988281
2020-05-18,288.4729309082031
2020-05-19,285.5099182128906
2020-05-20,290.36016845703125
2020-05-21,288.3555603027344
2020-05-22,288.9031982421875
2020-05-26,292.46258544921875
2020-05-27,296.8141784667969
2020-05-28,296.26654052734375
2020-05-29,297.58673095703125
2020-06-01,298.78948974609375
2020-06-02,301.26348876953125
2020-06-03,305.27276611328125
2020-06-04,304.4709167480469
2020-06-05,312.27435302734375
2020-06-08,316.0489807128906
2020-06-09,313.6922912597656
2020-06-10,311.94189453125
2020-06-11,293.9587707519531
2020-06-12,297.4791259765625
2020-06-15,300.2563171386719
2020-06-16,306.0355529785156
2020-06-17,304.7642822265625
2020-06-18,304.8816833496094
2020-06-19,303.1392822265625
2020-06-22,305.083984375
2020-06-23,306.4884338378906
2020-06-24,298.6703796386719
2020-06-25,301.8722229003906
2020-06-26,294.70233154296875
2020-06-29,299.03375244140625
2020-06-30,302.8642272949219
2020-07-01,304.98577880859375
2020-07-02,306.665283203125
2020-07-06,311.39935302734375
2020-07-07,308.1876220703125
2020-07-08,310.54486083984375
2020-07-09,308.7769775390625
2020-07-10,311.9297180175781
2020-07-13,309.228759765625
2020-07-14,313.2360534667969
2020-07-15,316.11383056640625
2020-07-16,315.0727233886719
2020-07-17,315.9861145019531
2020-07-20,318.53985595703125
2020-07-21,319.2175598144531
2020-07-22,321.0345153808594
2020-07-23,317.2040100097656
2020-07-24,315.1611022949219
2020-07-27,317.4593811035156
2020-07-28,315.4459533691406
2020-07-29,319.3255310058594
2020-07-30,318.18621826171875
2020-07-31,320.7005615234375
2020-08-03,322.93017578125
2020-08-04,324.1774597167969
2020-08-05,326.1909484863281
2020-08-06,328.37139892578125
2020-08-07,328.6071472167969
2020-08-10,329.58929443359375
2020-08-11,326.8686828613281
2020-08-12,331.42596435546875
2020-08-13,330.8268127441406
2020-08-14,330.8366394042969
2020-08-17,331.8875732421875
2020-08-18,332.6046142578125
2020-08-19,331.2196960449219
2020-08-20,332.2510070800781
2020-08-21,333.42962646484375
2020-08-24,336.8083190917969
2020-08-25,337.9869384765625
2020-08-26,341.3753967285156
2020-08-27,342.121826171875
2020-08-28,344.331787109375
2020-08-31,343.08441162109375
2020-09-01,346.3157958984375
2020-09-02,351.3249206542969
2020-09-03,339.2342834472656
2020-09-04,336.46453857421875
2020-09-08,327.2713317871094
2020-09-09,333.7341003417969
2020-09-10,327.939208984375
2020-09-11,328.1061706542969
2020-09-14,332.4277648925781
2020-09-15,334.1073303222656
2020-09-16,332.7813720703125
2020-09-17,329.8544921875
2020-09-18,326.0569763183594
2020-09-21,322.4281005859375
2020-09-22,325.71185302734375
2020-09-23,318.15826416015625
2020-09-24,319.00628662109375
2020-09-25,324.1636657714844
2020-09-28,329.5477600097656
2020-09-29,327.7530822753906
2020-09-30,330.2380676269531
2020-10-01,332.35821533203125
2020-10-02,329.20263671875
2020-10-05,335.04046630859375
2020-10-06,330.27752685546875
2020-10-07,336.02655029296875
2020-10-08,339.0046081542969
2020-10-09,342.0319519042969
2020-10-12,347.534423828125
2020-10-13,345.266357421875
2020-10-14,343.096923828125
2020-10-15,342.67291259765625
2020-10-16,342.4658508300781
2020-10-19,337.2591857910156
2020-10-20,338.6101379394531
2020-10-21,337.96917724609375
2020-10-22,339.82305908203125
2020-10-23,340.976806640625
2020-10-26,334.6755676269531
2020-10-27,333.5218200683594
2020-10-28,322.12237548828125
2020-10-29,325.39630126953125
2020-10-30,322.0040588378906
2020-11-02,325.61322021484375
2020-11-03,331.36224365234375
2020-11-04,338.7679138183594
2020-11-05,345.3748474121094
2020-11-06,345.29595947265625
2020-11-09,349.63482666015625
2020-11-10,349.1220703125
2020-11-11,351.7155456542969
2020-11-12,348.3035888671875
2020-11-13,353.12567138671875
2020-11-16,357.5335998535156
2020-11-17,355.61065673828125
2020-11-18,351.3309631347656
2020-11-19,352.81011962890625
2020-11-20,350.3941345214844
2020-11-23,352.4945068359375
2020-11-24,358.1745910644531
2020-11-25,357.622314453125
2020-11-27,358.6183166503906
2020-11-30,357.0306396484375
2020-12-01,360.9356689453125
2020-12-02,361.6949768066406
2020-12-03,361.5963439941406
2020-12-04,364.71246337890625
2020-12-07,363.9630126953125
2020-12-08,365.02801513671875
2020-12-09,361.7541198730469
2020-12-10,361.63580322265625
2020-12-11,361.2117614746094
2020-12-14,359.59454345703125
2020-12-15,364.4560546875
2020-12-16,365.02801513671875
2020-12-17,367.0692443847656
2020-12-18,365.60357666015625
2020-12-21,364.2963562011719
2020-12-22,363.682373046875
2020-12-23,364.00921630859375
2020-12-24,365.4253234863281
2020-12-28,368.56463623046875
2020-12-29,367.8614807128906
2020-12-30,368.3863525390625
2020-12-31,370.258056640625
2021-01-04,365.2174072265625
2021-01-05,367.7327575683594
2021-01-06,369.9312438964844
2021-01-07,375.427490234375
2021-01-08,377.56658935546875
2021-01-11,375.021484375
2021-01-12,375.1006774902344
2021-01-13,376.11083984375
2021-01-14,374.7936706542969
2021-01-15,372.0604553222656
2021-01-19,374.9818420410156
2021-01-20,380.17108154296875
2021-01-21,380.5176696777344
2021-01-22,379.1708679199219
2021-01-25,380.6662292480469
2021-01-26,380.0720520019531
2021-01-27,370.7829284667969
2021-01-28,373.97174072265625
2021-01-29,366.4849853515625
2021-02-01,372.5852966308594
2021-02-02,377.853759765625
2021-02-03,378.1508483886719
2021-02-04,382.44879150390625
2021-02-05,383.9540710449219
2021-02-08,386.72698974609375
2021-02-09,386.4694519042969
2021-02-10,386.30108642578125
2021-02-11,386.92498779296875
2021-02-12,388.8363342285156
2021-02-16,388.4996337890625
2021-02-17,388.5887451171875
2021-02-18,386.9349060058594
2021-02-19,386.2516174316406
2021-02-22,383.2806701660156
2021-02-23,383.74609375
2021-02-24,387.9747314453125
2021-02-25,378.6261901855469
2021-02-26,376.6752624511719
2021-03-01,385.8059387207031
2021-03-02,382.79541015625
2021-03-03,377.72503662109375
2021-03-04,373.0507507324219
2021-03-05,379.9136047363281
2021-03-08,378.0221252441406
2021-03-09,383.4193420410156
2021-03-10,385.8059387207031
2021-03-11,389.7176818847656
2021-03-12,390.2425842285156
2021-03-15,392.5697937011719
2021-03-16,392.07464599609375
2021-03-17,393.4115905761719
2021-03-18,387.6875915527344
2021-03-19,386.9702453613281
2021-03-22,390.0601501464844
2021-03-23,386.9900817871094
2021-03-24,385.0228271484375
2021-03-25,387.1888122558594
2021-03-26,393.4283447265625
2021-03-29,393.2296447753906
2021-03-30,392.1863708496094
2021-03-31,393.77606201171875
2021-04-01,398.0284729003906
2021-04-05,403.7414245605469
2021-04-06,403.50299072265625
2021-04-07,403.9699401855469
2021-04-08,405.88751220703125
2021-04-09,408.83837890625
2021-04-12,408.9874267578125
2021-04-13,410.19952392578125
2021-04-14,408.7986755371094
2021-04-15,413.1901550292969
2021-04-16,414.57122802734375
2021-04-19,412.5343933105469
2021-04-20,409.5140075683594
2021-04-21,413.38885498046875
2021-04-22,409.61334228515625
2021-04-23,414.0545349121094
2021-04-26,414.9189147949219
2021-04-27,414.82952880859375
2021-04-28,414.7102966308594
2021-04-29,417.3531494140625
2021-04-30,414.6109313964844
2021-05-03,415.5051574707031
2021-05-04,412.9417419433594
2021-05-05,413.0709533691406
2021-05-06,416.3695373535156
2021-05-07,419.3998718261719
2021-05-10,415.246826171875
2021-05-11,411.5408630371094
2021-05-12,402.7975769042969
2021-05-13,407.63616943359375
2021-05-14,413.89556884765625
2021-05-17,412.8424072265625
2021-05-18,409.2854919433594
2021-05-19,408.2124328613281
2021-05-20,412.6039733886719
2021-05-21,412.26617431640625
2021-05-24,416.4689025878906
2021-05-25,415.54486083984375
2021-05-26,416.3695373535156
2021-05-27,416.5881042480469
2021-05-28,417.33331298828125
2021-06-01,416.9656982421875
2021-06-02,417.6214294433594
2021-06-03,416.07147216796875
2021-06-04,419.8768005371094
2021-06-07,419.4694519042969
2021-06-08,419.5588684082031
2021-06-09,418.9328918457031
2021-06-10,420.8802490234375
2021-06-11,421.5757751464844
2021-06-14,422.5196838378906
2021-06-15,421.74468994140625
2021-06-16,419.3899230957031
2021-06-17,419.2508544921875
2021-06-18,413.5950012207031
2021-06-21,419.5159912109375
2021-06-22,421.7588195800781
2021-06-23,421.2504577636719
2021-06-24,423.7424621582031
2021-06-25,425.24761962890625
2021-06-28,426.1048889160156
2021-06-29,426.33416748046875
2021-06-30,426.6930236816406
2021-07-01,429.0554504394531
2021-07-02,432.3349304199219
2021-07-06,431.5474548339844
2021-07-07,433.07257080078125
2021-07-08,429.54388427734375
2021-07-09,434.1291809082031
2021-07-12,435.6842041015625
2021-07-13,434.198974609375
2021-07-14,434.8468933105469
2021-07-15,433.3616638183594
2021-07-16,429.9625244140625
2021-07-19,423.6128845214844
2021-07-20,429.6834411621094
2021-07-21,433.16229248046875
2021-07-22,434.0693664550781
2021-07-23,438.53509521484375
2021-07-26,439.61163330078125
2021-07-27,437.6080627441406
2021-07-28,437.4286193847656
2021-07-29,439.2427978515625
2021-07-30,437.1096496582031
2021-08-02,436.19256591796875
2021-08-03,439.7412109375
2021-08-04,437.5781555175781
2021-08-05,440.3492736816406
2021-08-06,441.0769348144531
2021-08-09,440.71807861328125
2021-08-10,441.2663269042969
2021-08-11,442.3628234863281
2021-08-12,443.6885681152344
2021-08-13,444.4960021972656
2021-08-16,445.5426330566406
2021-08-17,442.62200927734375
2021-08-18,437.7774963378906
2021-08-19,438.455322265625
2021-08-20,441.94415283203125
2021-08-23,445.83172607421875
2021-08-24,446.5394287109375
2021-08-25,447.4764404296875
2021-08-26,444.83489990234375
2021-08-27,448.8121643066406
2021-08-30,450.78582763671875
2021-08-31,450.11798095703125
2021-09-01,450.357177734375
2021-09-02,451.7427673339844
2021-09-03,451.63311767578125
2021-09-07,450.0182800292969
2021-09-08,449.4700622558594
2021-09-09,447.5462341308594
2021-09-10,444.01751708984375
2021-09-13,445.15386962890625
2021-09-14,442.7515869140625
2021-09-15,446.4497375488281
2021-09-16,445.74200439453125
2021-09-17,441.3999938964844
2021-09-20,434.0400085449219
2021-09-21,433.6300048828125
2021-09-22,437.8599853515625
2021-09-23,443.17999267578125
2021-09-24,443.9100036621094
2021-09-27,442.6400146484375
2021-09-28,433.7200012207031
2021-09-29,434.45001220703125
2021-09-30,429.1400146484375
2021-10-01,434.239990234375
2021-10-04,428.6400146484375
2021-10-05,433.1000061035156
2021-10-06,434.8999938964844
2021-10-07,438.6600036621094
2021-10-08,437.8599853515625
2021-10-11,434.69000244140625
2021-10-12,433.6199951171875
2021-10-13,435.17999267578125
2021-10-14,442.5
2021-10-15,445.8699951171875
2021-10-18,447.19000244140625
2021-10-19,450.6400146484375
2021-10-20,452.4100036621094
2021-10-21,453.5899963378906
2021-10-22,453.1199951171875
2021-10-25,455.54998779296875
2021-10-26,455.9599914550781
2021-10-27,453.94000244140625
2021-10-28,458.32000732421875
2021-10-29,459.25
2021-11-01,460.0400085449219
2021-11-02,461.8999938964844
2021-11-03,464.7200012207031
2021-11-04,466.9100036621094
2021-11-05,468.5299987792969
2021-11-08,468.92999267578125
2021-11-09,467.3800048828125
2021-11-10,463.6199951171875
2021-11-11,463.7699890136719
2021-11-12,467.2699890136719
2021-11-15,467.42999267578125
2021-11-16,469.2799987792969
2021-11-17,468.1400146484375
2021-11-18,469.7300109863281
2021-11-19,468.8900146484375
2021-11-22,467.57000732421875
2021-11-23,468.19000244140625
